reply,reply_clean_okt,positive
근데 외국에서는 당일 예약하시는거 아무렇지않았는데 국내 여행은 항상 예약하고 움직이다보니 이상하면서 어색한데 그럴수도 있네 생각들면서 저도   아무렇게나 가보고싶어지네요\n친구들과 함께하시니까 너무 즐거워보이셔서 좋으네요^^,외국 당일 예약 무렇다  여행 항상 예약 움직 상 어색 그렇다  생각  무렇다 친구 즐겁다 좋다,1.0
꼭 에어컨 끄기전에 송풍을 한시간 틀어서 안에 습을 말려주세요 그러면 곰팡이가 안생겨요 ㅠㅠ\n나갈일이있으면 한시간 송풍 예약하고 나가세요\n송풍으로 틀면 전기세는 선풍ㄱ 만큼 밖에 안나오니 걱정 ㄴㄴ,꼭 에어컨 기 송풍 한 시간 안 습 곰팡 안생겨 한 시간 송풍 예약 송풍 틀 기세 선풍 만큼 안 걱정,1.0
와우! 원래 어제 오늘 부산 갈라고 예약했다가 일이 있어서 취소했는데 대신 다녀오셨네요. 대만족,와우 원래 어 오늘 부산 갈라고 예약  취소 신 만족,1.0
제이님\n저랑 아산병원 같은과 동창이네요^^\n또한 그 호떡 \n좋은결과 듣고\n하나씩 사먹으면\n세상 넘 넘 행복~^^\n좋은 결과에~\n해외여행예약에~\n저도 기대되고 설렙니다,  산병원 같다 동창  또한 그 호떡 좋다 결과 하나 세상 행복 좋다 결과 해외여행 예약  고 설레다,1.0
시댁친정이 보령인데 딸아이 방학하고 두번\n다녀와 놓고선 21일에 또 대천에 예약했는데 취소하고 동해에 가고싶은마음 커져서 댓글보다 알려주신 숙소 예약했네요^^일정은 거기있는숙소에서 다녀도 괜찮은 동선인거죠?2박으로 가려하는데 동선이랑 일정을 잘못짜서요ㅜㅜ,시댁 친정 보령 딸 방학 두  또 천 예약 취소 동해 마음 댓글 숙소 예약 일정 거기  숙소 괜찮다 동선 박 동선 일정 잘 못,1.0
주말에 srt 공주 예약 ㅎㅎㅎ 애하고 다닐건데 srt위주로 여행두 많이있으면 좋겠어요.,주말 공주 예약 애하 위주 여행 많다 좋다,1.0
"1~2월, 봄, 가을마다 몇코스씩 걸으며 완주하고, 두번째로 돌고있는 올레꾼이예요^^ 올봄에는 코로나로 예약과 취소를 반복하다, 이번주말 내려갔다 막 올라왔는데 여름올레는 봄,가을에 비해 2~3배는 힘들더라고요! 습하고 덥고ㅠㅠ 2박3일간 3코스를 걸었는데, 봄에 꺄악 너무예뻐! 너무좋아! 하던 곳들도, 힘듦에 눈에 덜들어와서 슬펐어요ㅠㅠ 앞으로는 봄,가을,겨울(바람만 조심하면 1~2월도 너무좋은^^) 에는 풀코스로 걷고, 여름에는 반만걷고 물놀이해야겠다 다짐했어요! (요며칠간 계속 하루의마무리는 물놀이ㅎㅎ) 이날씨에 백패킹까지하며 걷다니 대단하십니다!! 응원하는 의미로 구독 누르고갈께요^^",봄 가을 코스 완주 두째 올레 예 봄 코로나 예약 취소 반복  주말 막 여름 올레 봄 가을 힘들다 습 덥다 박 코스 봄 꺄악 예쁘다 좋다  힘들다 눈 덜 슬프다 앞 봄 가을 겨 바람 좋다 풀 코스 여름 반 물놀 다짐 며칠 계속 하루 마무리 물놀  날씨 패킹 단 응원 의미 구독,1.0
오~~~메이양! \n오랜만이네요.  메이양 영상방에 가끔식 들어와 봅니다.\n영상이 몇일 지나도 안올라 올때는 안부가 궁금 하기도 한답니다....\n\n한라산 하면 역시 겨울 한라산이죠.\n나는 2월 15일 한라산 예약 했습니다.\n몇십년 전부터 한라산 사계를 카메라에 담고있죠.\n그런데 아직 쓸만한 사진을 얻지못해서 계속 가고 있습니다.\n아니면 일년을 시작하는 일종의 의식 이라고 해야 하나...\n2월 15일까지 제주에 계시면 동문시장 에서 저녁 같이 하면 좋겠습니다....,오  만  영상 방 가끔 영상 일 안  안부 궁금 한라산 역시 겨 한라산 나 한라산 예약 십년  한라산 사계 카라 그런 한 사진 계속  니다 년 시작 일종 의식 하나 주 계시 동문 시장 녁 좋다,1.0
"잘보고있어요\n나이는 53살이구요 애들키운다고 집사람과둘이 어디여행못갔어요 큰애 이번에 대학가고 22년만에 처음집사람과 제주여행 1박2일갑니다  5월14,15일\n집사람이 꽃을좋아해서 꼬구경 두군데 카페두군데 맛집두군데 갈려구요 근데 아는게없어서요 추천 또는 스케줄짜주시면감사할것같아요 숙소도모르고 비행기만예약했네요 ㅎ ㅎ",잘 나 애 집사람 둘 어디 여행 못 애  학가 처음 집사람 주 여행 박 집사람 꽃 좋 꼬 구경 두 군 카페 두 군 맛집 두 군 없다  스케줄 같다 숙소 비행기 예약,1.0
울릉도가 시댁인데 자주 못가서 이리 풍경으로 보니 반갑네요~ 울릉도 좁고 교통이 나빠서 서로서로 잘 도와주려고 하시는데 시즌에는 외국인이나 외지인이 잠시 일하러 많이 들어와서 사건사고나 많이 생기니 다음에는 꼭 숙소는 예약하셔요ㅠㅠ,릉도 시댁 자주 못 풍경 반갑다 릉도 좁다 교통 나쁘다 시즌 외국 외지 잠시 일 사건 사고 다음 꼭 숙소 예약,-1.0
우와...ㅎㅎㅎ 캠핑을 하셨군요!!! 저도 드디어 월요일에 울릉도로 떠나요!!!! 저는 최대한 숙박비아끼려구 그냥 게스트하우스 예약했어요ㅠㅠ 독도영상 기대할게용 ㅎㅎㅎ,우와 캠핑  월일 릉도  최한 숙박 비 구 그냥 게스트하우스 예약 독도 영상 기 용,-1.0
와!!!!!! 저 몇일 전에 울릉도 배편이랑 숙소 예약했어요~~ 혼자가는거라 걱정했는데 쏘이님 가시는거 보고 걱정이 설렘으로 바뀌었네요~~~!!!!!! 울릉도편 너무너무 기대된다~~~, 일  릉도 배 편 숙소 예약 혼자 걱정  보고 걱정 설레다 릉도 편 기,1.0
농어촌 민박예약은 어디서 하셨는지요?,농어촌 민박 예약,1.0
프리미엄 버스는 예약 하는거에요?,프리미엄 버스 예약,1.0
와 숙소예약 안하고 간게 신의 한수였네요!!,숙소 예약 안 간 신의,-1.0
어머님 동반운전자 지정안하면 (그린카 가입해야됨) 사고시에 보험처리안되고 그린카측에서 벌금 20만원정도 청구될 수도있어요  예약한 본인만 운전해야된답니다,어머님 동반 운자 정안 그린 카 가입 고시 보험 처리 안되다 그린 카 벌금 청구 수도  예약 본 운,-1.0
안그래도 부산갈려고 했는데 딱 올라오네요!!!ㅠㅠ 쏘이님이 가신곳 다가고싶어요ㅠㅠ! 명란파스타... 대박...!!! 너무맛있어보여서 꼭 예약해서 다녀와야겠습니다\n 몸조심하시고 또 다른재밌는여행 기대할께요!,안 그렇다 부산  가신  다가 명란 파스타 박 맛 보 꼭 예약 몸조심 또 다른 재밌다 여행 기,1.0
여자 세분이서 재밌게 노시는 모습 보며 힐링하고 갑니다.  모나파크 용평리조트도 엄청 좋은거 같아서 예약전 유튜브 영상 감상하고 갑니다. 늘 응원합니다,여자 세분 서 재밌다 노시 모습 힐링 모나 파크 용평리조트 좋다 거 같다 예약  튜브 영상 감상 늘 응원,1.0
호텔 예약은 어떻게 하나요???\n저도 혼자 여행다니는데 호텔예약은 생각보다 번거러워서요...,호텔 예약 어떻다 하나  혼자 여행 호텔 예약 생각 거러워서,1.0
대박 ㅠㅠ 저 다음주에 순천가는 케이티엑스 예약해놨는데ㅋㅋㅋㅋㅋ 참고할게요!!,박  다음주 순천 케티엑스 예약 참고,-1.0
저도 덕수궁 석조전 예약해서 두 번이나 갔다 왔어요ㅎㅎ역사 좋아하시는 분들은 심화해설 듣는거 강추드려요, 덕수궁 석조 예약 두  역사 좋 분 심화 해설 강추,1.0
해운대 암소 갈비집 시그니처인 생갈비는 예약 안하면 못 먹어요 ㅎㅎ,해운 암소 갈비 집 처 생갈 예약 안 못,1.0
무의도 소무의도 가려면 미리 예약 안해도 갈수 있나요?,무의도 소무의도 미리 예약 안해 갈수 ,-1.0
"엊그제 일요일에 한탄강 물윗길 트레킹 한바퀴 돌고 왔네요. ㅋ 태봉대교부터 해서 승일교까지 찍고 절벽 위로 해서 은하수교 건너서 언덕 위에까지 올라갔다가 다시 태봉대교, 그리고 주차장 밑으로 해서 직탕폭포까지 보고 왔네요..ㅋ 1인당 5천원이지만 상품권으로 돌려줘서 그걸로 점심 사먹을때 썼네요...사전예약하고 갔더니 블랙야크 스카프도 1인당 하나씩 주고, 장바구니 같은 빨간 가방도 주더라구요..ㅋ1인당 5천원이지만 상품권으로 다 돌려주는데 선물까지 주고, 거기다 한바퀴 걸어보니 상품권 안줘도 돈이 아깝지 않을 것 같더군요...",엊그 일일 한탄강 물 윗길 트레킹 한 바퀴 태봉 교 승일교 절벽 위로 은하 수교 언덕 위 다시 태봉 교 그리고 주차장 밑 직탕 폭포 보고 상품권 그 걸 점심  사예약 블랙 야크 스카프 하나 장바구니 같다 빨갛다 가방 상품권 선물 거기 한 바퀴 상품권 돈 깝다 것 같다,-1.0
4월에ㅡ예약하고 기다리는데 가슴이\n두근거릴 정도로 아름답네요,예약 가슴 두근거리다 정도 름답다,-1.0
7월달에 한달살기예약은어떻게하나요,한 달 살기 예약 어떻다 하나,-1.0
저도 9월 추석 다음날로 4명 예약 했답니다.~\n기대 됩니다.~, 추석 다음 날로 명 예약 기,1.0
내일군산가는데 가보고싶네요 지금은늦어서예약이 안되겠죠 영상잘봤습니다 많이올려주세요,내 군산 금은 예약 안되다 영상 잘,-1.0
와~\n감사합니다\n아직\n휴가 전 인데\n여기가\n어디인지\n어떻게 예약 해야되는지\n알려주세요,휴가  여기 어디 어떻다 예약,1.0
"좋아보여 가격 알아보니 무조건 4인이상만 예약 가능하고 4인기준 50만원이네요~ 1명 추가때마다 10만원 붙구요. 식사 4끼, 해상투어, 숙박요금 포함이랍니다.",좋다 보 가격 무조건  상만 예약 가능 기 준 명 추가  식사 끼 해상 투어 숙박 금 포함  랍니,1.0
"얼마전에 다녀왔었는데. 가성비 좋은 곳.\n그러나 단체 수용을 목적으로 만들어진 곳으로 개인 차량 방문객이 많으면  주차장이 다소 협소한 점. 그렇다고 차로 주차를 딱히 막는 건 아니라..  \n문제점은 방 창틀이 결속이 안되거나 바닥 마루가 틀어졌다거나는 그다지 불편함으로 다가오지는 않았지만. 보수를 해야 하지 않을까 여겨짐.\n식당은 수련센터 앞동과 뒷동 중앙에 위치. 자율배식으로 이뤄져 있으며 괜찮은 편. 풍기역 앞 식당에 가시면 보다 더 가성비 좋은 식사를 할 수도 있지만. 시골이라 일찍 문닫는다는 점 참고.\n\n예약에 있어 주의할 점이 있는데. \n국립산림치유원은 묘적봉을 중심으로 영주쪽은 '주치지구' / 예천쪽은 '문필지구'로 따로 운영되고 있습니다.(이용한 곳은 영주 주치지구)\n영주(주치지구)쪽은 개별동으로 운영되는 JA(최대4인), JB(8인), JC(11인) 구역 과  수련센터 산림치유동(단체) SA(최대4인), SB(7명) 숙박동으로 구분되어 있기에 예약시 로드뷰를 보시고 선택하세요.\n\nTV와 인터넷이 안되니깐 치유원에서 제공하는 각종 프로그램은 가능하다면 신청하시길..\n\n무엇보다 명상센터 앞에 큰 '고인돌'이 있는데.. 안내 표지와 안내 사항이 없어서 아쉬웠네요.\n\nJA구역 산책로에 전망대가 나란히 있어 숙박동에 묵으시면 이 곳까지 둘러보시길.\n\n주변 관광지로는 부석사가 가장 유명하며 가는 길에 '순흥리고분군'의 규모에 놀라실 것이고. '영주소수서원'과 '선비촌'이 하나의 입장권으로 연결되어 있고, 바로 옆 '선비세상'은 별도 입장권을 끊어야 하며 아이들이 체험할 만한 장소로 꾸며져 있으니 여유롭게 즐기실 만하다고 봅니다.",얼마  가성 비 좋다  그러나 단체 수용 목적  개 차량 방문객 많다 주차장 다소 협소 점 그렇다고 차로 주차 딱 건 니다 문점 방 창틀 결속 안되다 바닥 마루 그다지 불편 보수 식당 수련 센터 앞 과 중앙 위치 자율 배식  괜찮다 편 풍기역 앞 식당 가시 더 가성 비 좋다 식사 수도  시골 일찍 문 점 참고 예약  주의 점  국립 산림 치 묘 적봉 중심 쪽 주치 지구 쪽 문필 지구 로 운영  용  영주 주치 지구 영주 주치 지구 쪽 개별 으 운영 최    구역 과 수련 센터 산림 치 동 단체 최  명 숙박동 구분  약시 로드 뷰 보시 선택 터넷 안되다 치 공 각종 프로그램 가능 신청 무엇 명상 센터 앞 고돌   안내 표지 안내 사항 없다 쉽다 구역 산책로 망 나란  숙박동   주변 관광지 부석사 가장 명 길 순흥 리 고분 의 규모 것 소수서원 과 선비 촌  하나 입장권 연결  바로 옆 선비 세상 은 별도 입장권  체험 만 장소  만,-1.0
"물론 현재 예약하면 성수기라 2인기준 85000원이지만 평일.주말 상관없고, 인당 만원내면 더 최대 4인이기에 4인가족 105000원+체험프로그램+밥1끼까지 2박3일 25만원 정도 결제했네요.\n극성수기 주말(금토일)에 이정도 가격이면 완전 싼거라고 생각합니다. 허접한 민박집도 성수기에 10만원짜리 구하기도 힘든걸요. 펜션은 최소 15부터구요.. 이마저도 비싸다고 하시는 분들은 성수기 피해서 다니시거나 눈을 더 낮추시는 게 좋을 듯 합니다.\n덕분에 너무 좋은 곳 골라서 예약했기에 감사한 마음인데 안 좋고 비꼬는 댓글이 있어서 제가 다 속상하네여ㅠ\n 채널장님 좋은 정보 감사드리고, 앞으로도 잘 부탁드려요",현재 예약 수기 기 준 평일 주말 상관없다 만원 내면 더 최  가족 체험 프로그램 밥 끼 박 정도 결 극성 수기 주말 금토일 정 가격 면 완 생각 접 민박 집도 수기 구 힘드다 걸 펜션 최소 부터 구  비싸다 분 수기 피해 눈 더 게 좋다 듯 덕분 좋다  골 예약 마음 안 좋다 댓글   속상 채널 장님 좋다 정보 감사 앞 부탁드리다,1.0
예약은 이미 풀... ㅠㅠㅠㅠ,예약 풀,1.0
좋은정보감사해요~숙박시설예약이 하늘에별따기이네요ᆢㅋ숙박예약없이 치유프로그램만 이용할수는없나요??,좋다 정보 숙박시설 예약 하늘 별 숙박 예약 치 프로그램 용 없다,1.0
예약하기가 어렵네요 예약 잘할수있는 비결알려주세요~~,예약 어렵다 예약 잘 비결,-1.0
"작년 가을에 갔었는데  숙소며,산책길이며 모든게 만족스러웠는데 밥은 무료급식소 밥보다 못했어요.\n식사에 진심이신분들은 그냥 퇴소하고 근처 맛집 검색후 찾아가서 드시는게 낫겠더라고요.그리고 치유장비체험은 미리 예약하고가요돼요.안그럼 체험못하더라고요",작년 가을 숙소 산책길 모든 만족스럽다 밥 무료 급식 소 밥 못 식사 진심 신 그냥 퇴 소하 근처 맛집 검색 후 그리고 치 장비 체험 미리 예약 안 그렇다 체험 못,1.0
두들님  10월12일에 가려고 예약했는데요  식사는 어떤가요  식사를 미리 예약 안해도 가능한가요?,두들님 예약 식사 가 식사 미리 예약 안해 가능,1.0
예약을\n어떻게 하나요\n전번 올려주세요\n감사합니다~~^^,예약 어떻다 하나 ,-1.0
좋은정보 감사합니다.\n딱 원하던 곳이었는데 예약이 힘든가요?,좋다 정보 원  예약 힘드다,1.0
지금 예약했는데.. 2인실은 마감이구요..5인용이상만 있습니다..게다가 프로그램은 필수로 되어 있어서.. ㅎㅎ\n맨발체험 필수로 해야하네요,지금 예약 마감 구 용 상만  게다가 프로그램 필수  맨발 체험 필수,1.0
군립 즉 공공서비스 차원에서 저렴하게 국민들의 건강한 여가활동을 배려(세금으로 만들었기에 가능하겠죠)해 해당 지역 주민들의 일자리 창출 및 인근 관광코스와 연계하며 공익적 차원에 운영하는 것 같습니다. 그런데 여기 예약하려면 로또 맞는 일보다 더 어려운 찬스 아닌가요? ㅎㅎㅎ  암튼 예약이 되면 꼭 한번 찾아보고 싶습니다. 강릉에 친가 외가 모두 있어 지나는 길이거든요. 횡성군 화이팅~!! 지역 주민들 만만세~~~!!  아~! 횡선군 만세~~~!!,군립 즉 서비스 차원 렴 국민 건강 여가 활동 배려 세금 가능 해 해당 지역 주민 일자리 창 및 근 관광 코스 계 공익 차원 운영 것 같다 그런 여기 예약 로또 일보 더 어렵다 찬스 니다 예약 꼭 한 강릉 친가 외가 모두  길 횡성군 화팅 지역 주민 만세  횡선 만세,1.0
예약은 어떻게 하나요\n가보고 싶네요~,예약 어떻다 하나,-1.0
좋은정보 감사합니다! 그런데 예약은 어떻게해야하나요! 전부 다 예약불가라고되어있네요! ㅎ,좋다 정보 그런 예약 어떻다 부 불가,1.0
주말 예약 힘들죠 빡세죠?,주말 예약 힘들다 빡세,-1.0
자연휴양림 예약하기 힘들던데 \n여기 예약할때 숲나들e에서 하나요?,자연휴양림 예약 힘들다 여기 예약  숲 하나,-1.0
예약은 어떠게하나요,예약 어떻다 하나,-1.0
여기가려면  어디로 가나 하나요\n예약하고 가나요?,어디 가나 하나 예약 가나,-1.0
저도 가족들과 가보고싶은데 숲이랑 싸이트에서 예약하기가 너무 어렵네요... 인기가 많은가봐요., 가족 숲 싸트 예약 어렵다 기 많다,-1.0
예약을 어디서 하면 되는지요?,예약,1.0
어디서 예약할수있나요 가족 휴가가고싶네요,예약 가족 휴가,1.0
예약은 어디서 하는건가요?\n자세한 설명 부탁드립니다,예약 가 자세 설명 부탁드리다,-1.0
어디로 예약할수 있는지요,어디 예약 ,1.0
어찌 예약하나요.,어찌 예약 하나,-1.0
예약을어떻게하죠?,예약 게,1.0
안녕하세요~  숙박예약 안하고 당일치기로 갔다오는 것도 가능한지 궁금하네요.  그냥 산책만 한다면 별도의 비용없이 가능할까요?  그리고 식당의 경우 예약 안하면 이용 불가로 이해했는데 맞나요?,안녕 숙박 예약 안 당일치기 것 가능 궁금 그냥 산책 별도 비용 가능  그리고 식당 경우 예약 안 용 불가 해,-1.0
예약하기가 여기도 하늘의별따기네요 ㅠ,예약 여기 하늘 별,1.0
내년까지 예약할수없네요.,내년 예약 없다,-1.0
여기 예약하는거 bts예매하는거보다 더 어려울수 있습니다.. 차라리 다른 싸이트에서 예약도 가능한데 거기도 최강야구 직관데이 급이죠ㄷㄷㄷ,여기 예약 예매 더  차라리 다른 싸트 예약 가능 거기 최강 야구 직관  급,-1.0
영상보고 가족여행 여기로 결정했습니다 평일에 가게 돼서 대행이 예약을 할수 있었네요 정보 너무감사해요^^,영상 보고 가족 여행 여기 결정 평일 가게 행 예약  정보,1.0
저도 일월로 예약 성공, 일월 예약 성공,1.0
여기 온라인 예약만 가능해요 전화예약 불가!!\n국립공원공단 예약시스템으로 검색하면 됩니다.,여기 온라 예약 가능 화 예약 불가 국립공원 공단 시스템 검색,1.0
저렴하고 좋지만 평일 아닌이상 예약은 거의 불가능..,렴 좋다 평일 니다 상 예약 거의 불가능,1.0
여기도 예약자 조사한번 해봐야될듯~,여기 예약 조사 한,1.0
주말에  갈려면  어떡게 해야하나요  미리  예약하나요  좋아요  구독좋아요  했어요,주말 어떡 미리 예약 하나 좋다 구독 좋다,1.0
주말예약은 힘들던데 꿀팁이 있나요??,주말 예약 힘들다 꿀팁 ,-1.0
공단꺼 주말예약되면 로또사라!!로또가 더 잘걸린다,공단 주말 예약 로또 사라 로또 더 잘,1.0
예약힘듦,예약 힘들다,-1.0
주말 예약 서울대 들어가기 보다 힘듬,주말 예약 서 힘드다,-1.0
예약응 어떻게하나요(?,예약 응 어떻다 하나,-1.0
예약가능?? 잡아봐라 잡을수있나 ㅋ,예약 가능,1.0
지들끼리 예약잡고 가는 국립공원,끼리 예약 잡고 국립공원,-1.0
1일12시 땡~ 하자마자 예약해야..... ㅎㅎㅎㅎ,땡 하자 마자 예약,-1.0
참 좋은곳 감사드립니다^^  예약은 미리해나 하나요?  주말엔 엄청 많이 오나요?,좋다  감사 예약 미리 하나 주말,1.0
리뷰를 체크하시고 예약해야겠네요. 취사 안되고 TV없고 (당근 인터넷 없겠죠) 벌레도 생각보다 많아 불편함이 많다고 하네요.,리뷰 체크 예약 취사 안되다 없다 당근 터넷 없다 벌레 생각 많다 불편 많다,-1.0
예약은  어떻게하나요?알여주세요,예약 어떻다 하나 알,-1.0
9월7일 4명 1일숙박할려고 하는데ok가 안되네요\n제주도에서 출발할거라서예약이 완료되어야\n항공권을  구입할거라서요?,명 안되다 주도 출발 예약 완료 항공권 구입 라서,-1.0
예약 꿈도꾸지들마슈  하늘에 별따기,예약 꿈 슈 하늘 별,-1.0
예약은 어디로 하나요,예약 어디 하나,1.0
여기예약은 어떻게하나요ㅠㅠ 꽉차있는데,여기 예약 어떻다 하나,1.0
참 멋진 곳인데 혹시 예약 할려면 몇달전에 해야 하나요 알려 주시면 고맙겠습니다 ~^(^,멋지다  혹시 예약 몇 하나 주시 고맙다,1.0
여기 예약할려고보니\n후기가 아주 안좋네요..\n초파리가 득실하다고 ㅠ,여기 예약 후기 주 안좋다 초파리 득실,-1.0
예약방법  전화번호 부탁드려요,예약 방법 화호 부탁드리다,-1.0
어머님 과 아들 데리고 한번 가고싶내여..예약해야 하나여>?,어머님 과 들 리 한 예약 하나,1.0
예약은 어찌하나요??,예약 어찌 하나,-1.0
산림 바우처에  당첨  되야 갈수 있는거  아닌가요\n하여튼  예약이 너무  힘들어요,산림 바 처 당첨 갈수  니다 하여튼 예약 힘들다,-1.0
가성비 끝판왕이네요\n근데  예약이 잘 될까요?,가성 비 끝판  예약 ,1.0
어떻게 예약하나요~,어떻다 예약 하나,-1.0
예약이 가능할까?,예약 가능,1.0
당일 예약이 안되는게 안타깝네요..,당일 예약 안되다 안타깝다,-1.0
예약하기가 하늘별따기....,예약 하늘 별,-1.0
구독과 좋아요와 예약까지 했어요♡,구독 좋다 예약,1.0
구독합니다\n담주에 예약했습니다^^,구독 예약,1.0
너무 좋아보여서 바로 예약하고 오늘 이용하고 있는중 입니다. 경기도권에 살아서 한시간 만에 도착했는데 상상했던거 보다 너무 좋아서 친구들에게 바로 추천했습니다 여기 사장님도 진짜 친한  이모님처럼 잘해주셔서 너무 행복한 하루 보냈습니다 파파트래블 영상에 나온 것 보다 훨씬 좋은 느낌 받았습니다 파파트래블 구독하고 가보신곳 다 다녀보겠습니다.,좋다 보 바로 예약 오늘 용  중  경기도 한 시간 도착 상상 좋다 친구 바로  여기 사장 진짜 친 모 잘 행복 하루 파파 트래블 영상 것 좋다 느낌 파파 트래블 구독 ,1.0
여기 다녀왔는데 너무 좋았어요. 딱 두들빠님이 영상에서 소개해준 그대로네요ㅎㅎ 여름에 계곡으로 놀러 한 번 더 가려고요. 예약이 가능할지 모르겠지만요ㅎ 좋은곳 소개해주셔서 고맙습니다~,여기 좋다 두 빠 영상  그로 여름 계곡  더 예약 가능  좋다   고맙다,1.0
"여기 별로에요  그돈으로  주변 시설좋은 찜바에서 찜질하고  삼겹살 식당에서 먹는게 헐~나을거예요  \n제가 오랜만에 언니와  여행가려구 찾다가 요기보구 예약해서 갔다왔어요 다녀온지3일정도됐는데요  저희는 조용한게좋아서 평일예약했는데  2명은5만원 추가라고 해서  다녀왔습니다  둘이 합이19만원인거죠  도착한날  너무일찍왔다며 준  아지매한테  한쿠사리먹고  주변식당에서 밥먹고  입실했는데요  침구류는  얼룩이있고 방에는거울도없고 화장실 엔  수건도 아무것도없어서  다가져와야하나 하고 찜방으로갔어요  불을 이제넣었는지 아직은  춥더라고요  조금있으니 준 아지매가 조금있으면 뜨거워질거라고 해서 언니랑둘이 딩굴고있는데  다른팀4명이 들어오는데  준 아지매 같이따라오면서  큰타올 을갔다줘서 우린 왜 안주냐물어보니 달라고 해야준다네요 정말어이없어 기분잡쳣어요  그리고 저녁도5시부터 주는데  고기가 재어놓은지좀된것같아요 맛이별로 글구무한리필이라고 는하는데  김치토에 몇줄구워다놓고  오리주물럭도 있다고 하심  암튼 일일이 다말하려니  너무많아  좀줄일께요  담날아침 식사시간도 알려주지안고,,, 뭐든 다물어봐야 알려줌  안먹으려다  너무돈이아까워서 먹기로하고 8시에 식당으로가니  탁자에 부르스타와 계란이있고  직접후라이해서먹으라고함 그런건 좋은데  반찬이  헐 너무 황당  뷔페 접시같은데다가 이것저것 조금씩담아 서 들고왔는데  정말  그냥 식구들먹는데서 덜어온듯한비주얼임  대충먹고 나옴  다시는오지말자고 언니와 다짐하며 뭐 이런데가 있나싶었음   준 아지매는   식사할때 옆에서서 지켜보구있어  밥먹을때도  좀  불편함\n 암 튼 여긴 완죤 비추임다",여기 별로 그 돈 주변 시설 좋다 찜바 찜질 삼겹살 식당  만 언니 여행 기 보구 예약 희 조용 좋다 평일 예약 명 추가 둘 합 도착 한 날 일찍 준 지 매 한 쿠사리 주변 식당 밥 입실 침구 류 얼룩  방 거 없다 화장실 수건 것 없다 찜방 불  은 조금  준 지 매가 조금  뜨겁다 거 언니 둘 딩굴  팀 명 준 지 매 우린 왜 안주 달라 정말 어없다 분잡 쳣 그리고 녁 고기 좀 같다 맛 별 글 무한리필 김치 토 줄 오리 주물 럭  하 심 일일 다말 많다 좀 담날 침 식사 시간 뭐 줌 안 돈 깝다 먹기 로 식당 니 탁자 스타 계란  직접 후 해 고함 그렇다 좋다 반찬 황당 뷔페 접시 같다  것  것 정말 그냥 식구 한비 주얼 임 충 자고 언니 다짐 뭐   준 지 식사  옆 서서 밥  좀 불편 암 완죤,1.0
와우~최곤데요 단체 모임으로가도 좋겠네요~예약 이미 꽉찻을듯ㅋ,와우 최곤 단체 모임 가도 좋다 예약 꽉찻을듯,1.0
여기 애들데리고 간곳이네요~~고기도 맛있고 백숙도 예약해서 배터지게 먹었던곳~~아침식사도 굿,여기 애 리 간  고기 맛 백숙 예약 배  침식사 굿,-1.0
양평에 저런곳이 있었군요\n어떻게 예약해야하나요~ 가족끼리 가고 싶네요,양평   어떻다 예약 가족 끼리,1.0
영상보고 2월에 예약 했는데 예약이 체계적이지 못한것같아요 ㅠㅠ 펜션측에서 날짜 혼동하신것 같은데 왜 안오냐고 나무라는듯이 전화하시고선 미안하다고도 안하고 끊으시네요. .  50일전에 예약해두고 저번주에 문자로 예약확인을 한 번 해놨는데도요. . 블로그 후기들에 예약 관련 불만을 몇 번 봤었는데.. 뭔가 가기전부터 불안하네요. . 저도 파파트래블님처럼 잘 놀고 올 수 있으면 좋겠어요 ㅠㅠ,영상 보고 예약 예약 체계 못 같다 펜션 날짜 혼동 같다 왜 화 미안 안 예약  주 문자 확   블로그 후기 예약 관련 불만 몇  뭔가 불안  파파 트래블 수  좋다,1.0
여기 별장회집 저도 다녀왔는데 맛 좋아요  예약이 힘들어서 2달 전에 해야한다는 단점은 있어요 가족모임할때 좋았읍니다,여기 별장 회집  맛 좋다 예약 힘들다 달  단점  가족 모임  좋다 읍니,1.0
너무 좋아서  직접 문의 해 봤는데요  10인 이상이고  주말 예약은 특히  두달전에  예약해야 하고  평일엔 좀  편하게 가능하다네요  네명이서 당장 가려고 했다가  포기했어요 ㅠ,좋다 직접 문의 해  상 주말 예약 두 달 예약 평일 좀 편 가능 네 명 당장 포기,1.0
댓글 잘읽고 갔어야하는데..모임이있어서평일1인당9만원에15명예약 1박2일 술값 포함 150  돈이 아깝네요~두번다신 안갑니다!! 밑반찬은많이나오지만 메인인 회는물컹해서손이안가고 주인도일하시는분도 다 불친절하고 숙박시설 쿰쿰한냄새는 기본이고화장실문은 고장나있고 발바닥이새까맣게될정도로바닥은더럽고 수건인지걸레인지..참 나 너무하네요~,댓글 잘 평일 명 예약 박 술값 포함 돈 깝다 두  안 밑반찬  회 물컹 손 안 주 도일 분도 불친절 숙박시설 쿰쿰 냄새 기본 화장실 문 고장  발바닥 새까맣다 정도 바닥 더럽다 수건 걸레 나 너무,-1.0
음식정말 나오네  거기갈려면 예약해야 되죠,음식 정말 거기 예약,-1.0
여기 예약할려면 어떻게해야하나요,여기 예약 어떻다,1.0
정리가  깔끔하네요ㅎㅎ 클스마스에 예약해뒀는데 잘 봤어요,정리 깔끔 클스마스 예약,1.0
요번주말 대구가는데 딱이네요 가봐야겠네요 예약이 될런지  ᆢ, 주말 딱 예약 될런,1.0
예약해야하나요 ?,예약,1.0
와~  예약하기 어렵다던데 그어려운걸 해냈네요 !! 짝짝짝,예약 어렵다 그 어렵다 걸 짝짝 짝,-1.0
딱 예상한 가격이네요. 가보고 싶은데 예약하기가 쉽지 않을듯 싶네요.,예상 가격  예약,1.0
와.. 저정도면 상당히 합리적인 가격이네요..예약하기 힘들듯..., 정도 상당 합리 가격  예약 힘들다,1.0
올해 예약은 끝이네요,올해 예약 끝 ,1.0
여기 예약하기 힘들더라고요\n평일 2인 45만하는거 같든데요\n1인은 30만인것 같고요..,여기 예약 힘들다 평일  같다  같다,-1.0
가고싶어대  ~예약을 어디로\n문의해야 되나요??,예약 어디 문의,-1.0
3인 가족인데 셋이 가려면 2인방 1개 1인방 1개 해야해서 97만원으로 껑충 뛰네요....ㅋㅋㅋ 왜 성인은 같이 못자게 해놨는지 참 ㅋㅋㅋ 예약했다가 성인은 추가 안되는거 알고 취소했네요 ㅎㅎㅎ, 가족 셋 방 개 방 개 껑충 왜 성 예약 성 추가 안되다 알 취소,-1.0
누가 예약 번호 \n좀 \n띄워주세요\n검색해도 안나오네요,누가 예약 호 좀 검색 안,-1.0
제대로 예약이 될라나...,로 예약 라나,-1.0
☆★☆★ 충주체험관광센터 9월 투어 예약 마감 ☆★☆★\n충주로 충주체험관광센터 홈페이지 https://www.cjro.kr/,충주 체험 관광 센터 투어 예약 마감 충주 충주 체험 관광 센터 홈페지 https://www.cjro.kr/,-1.0
여러분의 성원에 힘입어 9월 충고마비 투어는 모두 예약 마감되었습니다! 저희 10월 투어도 조만간 진행할 예정이니 많은 관심 부탁드립니다^^! 감사합니다!,여러분 성원 힘 충고 마비 투어 모두 예약 마감 희 투어 조만간 진행 예정 많다 관심 부탁드리다,1.0
대단합니다 예약해서 꼬옥 가보고 싶은곳이네요,단 예약  ,1.0
진짜 역대급이네요! 국내 패키지 여행 찾고 있었는데 빈자리 빨리 예약해야겠어요,진짜 역   패키지 여행  빈자리 예약,1.0
1번. 예약자 4인 가족 여행으로 충주로 결정! 좋은정보 감사해요~, 예약  가족 여행 충주 결정 좋다 정보,1.0
"방금 전화통화 해 봤는데, \n아직 홈페이지에 안 올라간거 맞고, \n9월 예약은 9월에 받는다고 말씀하시면서 \n홈페이지에 떠야 진행이 되는거니 \n아직 안뜬거면 \n진행여부 확답해 드릴 수 없다면서 \n홈페이지 자주 들어와주세요. 하시네요...\n\n일단 16시를 기다려보겠습니다. ",방금 화통화 해 홈페지 안 예약 말씀 홈페지 진행 안 진행 여부 확답 드릴 수 없다 홈페지 자주 일단,-1.0
10월  예약  하려면  어껗게  해야 하나요??  자세한  안내  부탁 드려요  ^^,예약 어껗 하나 자세 안내 부탁,-1.0
"화면에 고기 바베큐는 숙소가 다른곳 같은데, 맞나요.\n예약은 어떻게 하나요.",화면 고기 바베큐 숙소  같다 예약 어떻다 하나,-1.0
예약은 어디서 하나요?,예약 하나,1.0
언제부터예약이가능한가요,언 예약 가능,1.0
미리 예약 하면 클라우드 맥주도 시음 할수 있어요,미리 예약 클라우드 맥주 음 ,1.0
6만5천원에 유튜브 나온거 다가능하다는거지요? 4명 예약이요,튜브 가능 명 예약,1.0
예약방법좀 알려주세요?,예약 방법 좀,-1.0
예약은 어떻게 해야하나요?,예약 어떻다,-1.0
투어 이름이 뭔가요?? 종류가 무지많고… 홈페이지는 너무 어수선하고 뭐가 뭔지도 모르겠고… 예약은 다 찬거 같은데.. 혹시 예약 오픈일은 언제인가요??,투어 름 뭔가 종류 무지 많다 홈페지 어수선 뭐 지도 예약 같다 혹시 예약 오픈 일 언,1.0
"좋은정보감사드립니다..어제예약을하다가\n헷갈리는점이있어서\n아쉬웠습니다..\n\n미취학아동에대한정보가없어서..입금을어떻게해야되는지몰라서...입금순이라혼돈이있었습니다..\n일단,통화했는데잘모르시더라고요..\n디테일하게해주시면더욱좋은정보가될것같습니다\n\n일단인당으로\n입금했는데..어떻게될지요",좋다 정보 감사 어 예약 헷갈리다 점  쉽다 미취 학 동 정보 없다 입금 어떻다 입금 순 혼돈  일단 통화 잘 디테 해주시 더욱 좋다 정보 같다 일단 당 입금 어떻다,1.0
예약마감 이던데요.ㅜ,예약 마감,-1.0
"저이거보자마자예약했어요. \n주말은 다마감이라 평일로..\n무튼 좋은정보감사합니다 ♡최고에요\n\n근데, 체험이나 산책시 애견동반가능한가요?", 거 예약 주말 다마 감 평일 무 좋다 정보 최고 체험 산책 시 애견 동반 가능,1.0
와~ 가보고싶다 예약해야 되나요?,예약,1.0
예약하고 싶은데 전화번호가 필요합니다,예약 화호 필,1.0
ㄴㅓ무좋읍니다 그곳에갈려면 예약을먼저해야돼나요 전화로하면돼겠지요 그리고 딱하루만해야돼나요,무 좋다 읍니 그  예약 먼 화로 그리고 하루 만해,1.0
"지금 통화해보니  6월 3주까지 예약 되어 있고 방값 십만원 식대 별도. . , ㅜ  모징?",지금 통화 주 예약  방값 십만원 식 별도 징,-1.0
민박집 전화 번호 좀 알려주세요 예약을 해야 될것같네요,민박 집 화 호 좀 예약 같다,1.0
80월중순 6명갈려고 합니다 어떻게 예약할까요,명 어떻다 예약 ,-1.0
와.. 영상 올라올따마다 놀라네요. 저 가격에 고기 숯 무한리필에  소라 서비스까지.. 더 추워지기전에 보령쪽으로 여행 일정 잡아봐야겠어요. 그런데 여기도 예약 엄청 힘든거 아니에요?ㅜㅜ,영상  가격 고기 숯 무한리필 소라 서비스 더 기 보령 쪽 여행 일정 그런 여기 예약 힘드다 니다,-1.0
여기어때에서숙박비 15만원결제하고 하루전에 바베큐예약이안됐다고 저녁패스당하고 아침15첩인지 12첩인지 아침식사 15인이안된다는 이유로 만두국 ㅠ 그냥 새벽에 나왔어요ㅠ 이럴꺼면 숙박비15만원주고 밥안주신다고해서 초박48000윈에 아침 컵라면먹고 나왔습니다ㅠ많은 인원이 예약하시던가 해야 이런대우받는것 같네요ㅠ 참고하셔요 일단은 개실망했어요, 숙박 비 하루  바베큐 안 녁 패스 침 첩 첩 침식사  안되다  만두국 그냥 새벽 렇다 숙박 비 밥 안 초박 윈 침 컵라면 많다 원 예약 우 같다 참고 일단 개 실망,-1.0
"파파트래블님 영상 잘 보고 있습니다.\n\n덕분에 좋은 민박, 팬션 정보 얻고 있는데 이번에 어이없는 경우를 당해서 알고계시면 좋을 것 같아 글 남기네요.\n\n안면도에 <꽃지바다이야기 팬션> 소개영상 보고 이번 휴가를 보내려고 예약을 했습니다.\n\n홈페이지에서 8월 20일~22일 2박3일 예약을 하고 바베큐 무한리필은 미리 전화를 줘야 한다고 해서 금일(8월 11일) 바베큐 무한리필 예약전화를 드렸는데...\n\n연박을 하면 1번만 바베큐 무한리필이 제공된다고 하십니다.\n\n상식적으로 연박시 1번만 제공된다면 홈페이지에 공지를 해야 하는게 맞지 않겠습니까?\n\n만약 제가 1박 예약하고 같은 방을 와이프 이름으로 1박 예약하고 각자 전화해서 2박 바베큐 달라고 하면 어떨까요? \n\n당연한 말이겠지만 각각 다른 예약이라고 2박 모두 바베큐 즐길 수 있겠죠. 그런데 그걸 1번만 제공한다는게 말인지...\n\n당당하게 바베큐 무한리필 제공한다 하였으면 이건 사실상 가격에 포함되서 판매되는 상품입니다. \n\n그걸 엿장수...아니 펜션 주인이라고 그 어떠한 공지도 없이 마음대로 한다는건 소비자를 기만하는거라 생각합니다.\n\n파파트래블님 영상을 보고있는 사람으로 파파트래블님께서 해당 영상에 자막이던 멘트던 뭔가 알려주셔야 하지 않을까 합니다.\n\n추가로 와이프와 상의해서 그럼 1박만 하기로 하여 다시 전화를 드리니 2박 모두 취소를 하고 다시 예약을 하랍니다.(일반적으로는 1박만 취소가 되는게 정상이죠)\n\n그러면서 그 사이 다른 사람이 예약하면 방법이 없다고 강조를 하더군요.\n\n\n\n현재 8월11일 금요일 입니다. 오후 3시에 전화를 했고요. 누가 언제 예약이 취소될지도 모르는 예약페이지를 대기하고 있다가 예약을 한답니까?\n\n심지어 예약일자는 성수기도 아니고 비수기로 넘어가는 8월 20일인데요...\n\n취소 전화 드리고 예약취소 문자 오기 전부터 새로고침하면서 기다렸는데 단 1초도 예약가능 뜬 적이 없습니다만 그 사이 누가 예약 했답니다.\n\n하...어이가 없네요....\n\n휴가 10일 남겨놓고 예약이 취소되서 정말 어이가 없어 죽겠네요....\n\n\n\n오늘도 좋은 영상 올려주시고 항상 응원합니다~",파파 트래블 영상 보고  덕분 좋다 민박 팬션 정보   어없다 경우 당 좋다 것 같다 글 안면도 꽃지 바다야기 팬션  영상 보고  휴가 예약 홈페지 박 예약 바베큐 무한리필 미리 화 금일 바베큐 무한리필 화 박 만 바베큐 무한리필 공 상식 연 만 공 홈페지 공지 만약  박 예약 같다 방 와프 름 박 예약 각자 화 박 바베큐 달라 어떻다  당연 각각 다른 예약 박 모두 바베큐 수  그런 만 게 말 당당 바베큐 무한리필 공 건 사실 가격 포함 판매 상품  장수 니다 펜션 주 그 어떠 공지 마음로 건 소비자 기만 생각 파파 트래블 영상 사람 파파 트래블 해당 영상 자막 멘트 던 뭔가 추가 와프 상의 그렇다 박만 다시 화 박 모두 취소 다시 예약 하랍니 일반 박만 취소 정상 그렇다 그 사 다른 사람 예약 방법 없다 강조 현재 금일  오후 화 누가 언 예약 취소 페지 기  예약 한 답 심지어 일자 성수 기도 니다 취소 화 예약 취소 문자 오기  새로고침 단 예약 가능 적 없다 그 사 누가 예약 하 어 없다 휴가 예약 취소 정말 어 없다 죽겠네 오늘 좋다 영상 항상 응원,-1.0
가보고나서 후기\n\n방컨디션: 오래된 민박집느낌 예민한 분은 실망하지 않을까 싶네요\n\n위치: 골목 초입이라 편하고 주차도 어렵지 않습니다. 해수욕장도 가까운데 카페가  투썸 개인카페 뿐이라 엄청 몰립니다. 주차도 개판이라 차라리 리솜2층에도 카페가 있으니 거기도 괜찮습니다.\n\n맛: 고기 아침밥 맛있습니다. 단지 고기는 가서 예약하는게 아니고 몇일 전에 별도로 예약을 해야합니다 아마 사장님이 인원수 맞춰서 고기를 가져오시는 것 같습니다. 예약하시고 자체 사이트가서 읽어보시길\n\n아침밥은 복불복이라 당일 총 예약  인원수가 15명 되어야 한식뷔페가 나오는것같은데 생각보다 알차더군요 계란 고기 야채 국 골고루 나오는데 맛있습니다 \n\n놀러가면 음식 싸가고 뭐 싸가고 이런게 되게 스트레스고 귀찮은데 몸만 딸랑 가지고 가는게 엄청난 메리트가 있는 곳입니다. 사이트에서 실시간예약현황을 공개하고 있으니 이왕 한식뷔페를 드실 수 있게 잘 공략해서 날짜 짜시길바랍니다,후기 방 컨디션 오래되다 민박 집 느낌 예민 분 실망 위치 골목 초입 편 주차 어렵다 해수욕장 가깝다 카페 투썸 개 카페 뿐 주차 개판 차라리 리솜 층 카페  거기 괜찮다 맛 고기 침밥 맛 단지 고기 예약 니다 일  별도 예약 마 사장 원 수 고기 것 같다 예약 자체 사트 침밥 복불복 당일 총 예약 원 수가 명 한식 뷔페 같다 생각 알차다 계란 고기 야채 국 맛 가면 음식 싸 뭐 싸 렇다 스트레스 귀찮다 몸 딸 가지 엄청나다 리트    사트 실시간 현황 공개  한식 뷔페 수  공략 날짜,-1.0
여기 예약할려면 뭐라고 검색하죠?,여기 예약 검색,1.0
혹시나 하고 예약하러 갔더니~우와~~벌써 꽉차있네요~~스케쥴보고미리미리 예약  필수~~ㅋ,혹시 예약 우와 벌써 스케쥴 보고 미리 미리 예약 필수,1.0
※ 민박 가시는 분들은 꼭 확인 부탁드립니다\n무한리필 바베큐 예약은 입실전날 오전12시까지 문자가 아닌 전화상으로만 예약받습니다 이후 예약은 절대 불가하십니다\n\n당일 투숙 고객이 15명 이상시\n한식뷔폐진행 15인 이하시 떡만두국제공 합니다~,민박 분 꼭 확 부탁드리다 무한리필 바베큐 예약 입실 날 오 문자 니다 화 예약 후 예약 절 불가 당일 투숙 고객 명 상 시 한식 뷔폐 진행   떡 만두국 공,-1.0
머 갈수가없다 예약 꽉차서,머 갈수 없다 예약,-1.0
여기서 보고 지난주에 남자친구랑 바로 예약해서 갓다왔어요 ㅋㅋㅋㅋ진짜 방은 민박수준인데 고기랑 음식질은 상당히 괜찮았습니다 ㅎㅎㅎ 전날 술을 너무 먹어섴ㅋㅋㅋ조식은 못먹엇어요.... ㅎㅎㅎㅎ,여기 보고 지난주 남자친구 바로 예약 갓 진짜 방 민박 수준 고기랑 음식 질 상당 괜찮다 날 술 먹어섴 조식 못먹엇어,1.0
중요한건 주말예약은 불가능이 현실\n현재 내년까지 1년 예약이 풀입니다.\n그냥 주말 갈거면 포기,중 주말 예약 불가능 현실 현재 내년 예약 풀  그냥 주말 포기,-1.0
마린보이 펜션 \n저는 예약 했습니다,마린 보 펜션  예약,1.0
유툽 떠서 당분간 예약도 힘들겠내여. 덜덜,툽 당분간 예약 힘들다 덜덜,-1.0
4인 소고기 술 음료 무제한에 아침까지 주고 재워주는데 여인숙이라도 상관 없다. 거기 아예 사는것도 아닌데 뭔 상관이람?무조건 가고 싶은데 예약 풀이라니?, 소고기 술 음료 무한 침 여숙 상관 없다 거기 예 니다 상관  람 무조건 예약 풀,-1.0
예약 어떻게해용?,예약 어떻다,-1.0
보자마자 예약했음 ㅋㅋㅋㅋㅋ,예약,1.0
영상보고 너무 좋아보여 3월에 예약했습니다\n드뎌 낼 출발이네요~ㅎㅎ\n덕분에 좋은사람들이랑 좋은곳에서 좋은추억 많이 만들고 오게습니당~,영상 보고 좋다 보 예약 드뎌 낼 출발  덕분 좋다 사람 좋다  좋다 추억 습,1.0
인원수 몇명이상이라야 예약 가능 한가요?  3명두 되는지,원 수 명 상 예약 가능 한 가 명,1.0
예약은필수겠지요\n몇일전에  해야할까요??,예약 일 ,1.0
혹시 2인도 예약 가능할까요 오늘경주가거든요~?,혹시 도 예약 가능  오늘 경주,1.0
가보고싶어서 예약했더니 2인은 민박이 안된다네요ᆢ\n전화 받으시는분ㅇ 좀ᆢ 친절 하게 말씀해 주셨으면 좋겠습니다~,예약  민박 안되다 화 분 좀 친절 말씀 좋다,1.0
부가세 끈을수 잇는지도 알려주셔야해요 파파트래블님. 현금 인당 5만원이면 부가세 종소세까지 들어가면 최대 인당 8만원이 되버립니다. 현금인지 숙박예약을 카드로 할 수 잇는지 세금처리가 되는지도 알려주세요.,부가세 야 파파 트래블 현금 부가세 종 세 최 현금 숙박 예약 카드 수 세금 처리,-1.0
예약은 어찌하나요?,예약 어찌 하나,-1.0
예약하구 가야되나요,예약 가야,-1.0
정보올려주실시 가격부분도 정확하게 올려주심 감사하겠읍니다\n\n예약할려고보면  인원재한이나  가격부분이 많이틀려서 당황한적이 많아요,정보 가격 부분 정확 주심 읍니 예약 원 나 가격 부분 당황 한적 많다,-1.0
일본에살며 한국갑니다 인천공항에서 그곳 간다면 길좀 알려주세요  버스나 열차 이용할건데요  예약은  한달전쯤에 하나요?  늘 잘보고 있어요 감사 합니다,일본 한국 천공항 그  간다 길좀 버스 열차 용  예약 한 달 쯤 하나 늘 잘  감사,1.0
여기가 어디예요\n예약할래요,여기 어디 예약,1.0
"산속에 위치한 현대식 황토방이라 조용하게 힐링 할 수 있고, 양질의 식사도 제공하고 물놀이 할 수 있는 수영장까지 뭐 하나 부족하지 않네요. 좋은 정보 감사합니다. 여기도 예약이 쉽지 않겠어요.",산속 위치 현 황 토방 조용 힐링 수  양질 식사 공 물놀 수  수영장 뭐 하나 부족 좋다 정보 여기 예약,1.0
ㅋㅋ~깜짝놀랐네 \n 얼핏보면 2만원에 모든게 해결되는듯~ㅋㅋ \n예약도 쉽지않을텐데 \n숙박요금도 숙박만 예를 든다면  1박에 12만원이였던가~??,깜짝 얼핏보 모든 해결 예약 숙박 금 숙박 예 박,1.0
영상 보고 괜찮아 보여 비수기 예약할려고 하니 성수기 가격으로 나오는데요.  3달만에 가격이 오른 건가봐요 ㅠㅠ,영상 보고 괜찮다 비 수기 예약 하니 수기 가격 달 가격 오른 건가,-1.0
추석연휴 10월2~3일 예약되나요,추석 연휴 예약,1.0
예약은 어떻게 하나요?,예약 어떻다 하나,-1.0
예약을어떻게하나요?,예약 어떻다 하나,-1.0
10월 넷째주 예약하려면  언제 해야 할까요? \n7월에도 예약 가능 하나요?,주 예약 언  예약 가능 하나,1.0
공무원들이 다 예약해서 자리가 없다는 소문이?,공무원 예약 자리 없다 소문,-1.0
여기도 이래서 예약하기 힘들겠네,여기 예약 힘들다,-1.0
여기는 또 멏인 이상일까요?   예약 가능한 최소 인원도  알려주세요   주말 예약  가능한  날짜도요,또 멏 상일 예약 가능 최소 원 주말 예약 가능 날짜 ,1.0
1인 7만원...그것두 4인이상만 예약 받어요...ㅋㅋㅋㅋㅋㅋㅋㅋㅋㅋㅋㅋㅋㅋㅋㅋㅋㅋㅋ\n28만원에 숙식???????????????????????ㅋㅋㅋㅋㅋㅋㅋㅋㅋㅋㅋㅋㅋㅋㅋㅋㅋㅋㅋ, 그것  상만 예약 숙식,-1.0
예약방법이 안 적힌 곳들은 다 전화예약인가요??,방법 안  화 예약,-1.0
"정말가보고싶네요.\n뷰도좋고, 예약이힘들듯하네요.ㅡㅜ",정말 뷰 좋다 예약 힘들다,1.0
가려면 예약해야하난요,예약 난,1.0
근데 두아빠님  가는곳은  1인이 예약가능한곳 없죠  ..??,두 빠   예약 가능  없다,-1.0
가보고 싶어요\n예약방법  부탁드립니다,예약 방법 부탁드리다,-1.0
어딘가요 예약하고 가고싶네요,어딘가 예약,-1.0
예약 하고 가야하나요?,예약,1.0
글게요.\n딴데는 두당으로 자고 먹고 하는데.\n~~~\n여가는 두당 8만원에 방값 8만원이라네요.\n방이 작아서 2~3인실ᆢ\n5명 가니깐 방 두개예약.\n가긴 가지만 떨떠름하네요.,글  두 당 자고 여가 두 당 방값 방 작다 명 방 두 개 예약 가지 떨떠름,-1.0
거제도 이수도 배로 5분거리 대가 민박 1박3식 미리 예약 하셔요,거도 수 배 가 민박 박 식 미리 예약,1.0
거제도 이수도 배로 5분거리 대가 민박 1박3식 미리 예약 하셔요,거도 수 배 가 민박 박 식 미리 예약,1.0
"자판에 판매하는 대게는 \n상품 가치가 조금 떨어지는 겁니다 \n죽은거거나 다리가 부족하거나 \n살아있는 대게는 가격대가 다릅니다 \n자판에 판매하는 대게는 \n구룡포나 포항에 펜션을 예약하셨거나 \n아님 집에서 드실때 차로 30분 40분 내외로 움직이실때 5000원 찜비 지불하고 \n가져가시면 가성비 있게 드실 수 있습니다 저희는 자판보다는 살아있는 대게로\n마리당 사서 드시면  \n4인가족 기준 10만원이면 (그때 그때 시세에 따라 다르긴 하지만 )\n배부르게 먹을 수 있습니다.\n자판 판매는 구룡포,죽도시장,영덕 ,강구 비슷비슷합니다.\n살아있는 대게는 직판장이 더 저렴하지만..",자판 판매 게 상품 가치 조금 다리 부족 게 가격 가 다르다 자판 판매 게 구룡포 포항 펜션 예약 니다 집  차로 내외 움직  찜비 지불 가성 비  수  희 자판 게 마리 사서  가족 기준 그 그 시세 다르다 하지만 배부르다 수  자판 판매 구룡포 죽도시장 영덕 강구 비슷 비슷 게 직판 더 렴,-1.0
영상보고 예약하려고 들어가면 다음달까지 예약이 풀이에요ㅡㅜ,영상 보고 예약 다음 달 예약 풀,1.0
동영상보고 이번주 일요일예약해습니다.2인기준은 8만원받아요.,동영상 보고  주 일일 예약 기 준,1.0
[호텔 마들렌 예약 방법]\n전화로 예약하시면 됩니다\n\n010-7563-4880,호텔 마들렌 예약 방법 화 예약,1.0
바로 예약…했습니다\n항상 유용한 정보 감사감사~~~,바로 예약 항상 용 정보 감사 감사,1.0
4월에 가려고 예약했어요\n음식이 기대되네요\n아이들은 물놀이 할 생각에 신나구요^^\n좋은 정보 감사해요,예약 음식 기  물놀 생각 신나다 좋다 정보,1.0
유튜브보고 2박 4인실 예약했어요\n기대되네요,튜브 보고 박 예약 기,-1.0
저도 3월에 가려고 오늘 예약했어요, 오늘 예약,1.0
"저두 예약했어요\n그런데 영상 보니깐 저녁식사 메뉴5가지 다 나온게 맞나요?\n스테이크,피자,스파게티 등등 17만5천원에 다포함된 음식인가요?", 예약 그런 영상 보 녁식사 뉴 가지 스테크 피자 스파게티 등등 포함 음식,-1.0
패키지 예약은 어떻게하나요?,패키지 예약 어떻다 하나,-1.0
덕분에 예약함 감사해요 ㅋ,덕분 예약 함,1.0
너무 좋은데 ~~ 너무 많이 알려지면 예약어렵고 비싸집니다. ㅋㅋ 쉿~~,좋다 예약 어렵다 비싸다 쉿,1.0
여기 주말에는 예약잡기 하늘의 별따기임. 싸고 좋은건 없다. 만일 싸고 좋은게 았다면 내가 쉽게 이용을 못하는 것이거나 곧 사라질 것들이다,여기 주말 예약 잡기 하늘 별 임 좋다 건 없다 만일 좋다 은 았다 내 용 못 것  거나 곧 것,1.0
정선 365행복펜션 \n오늘예약 했네요\n극성수기라 조금 올랐지만\n그래도 가성비 좋아요\n정보 감사합니다~^^,정선 행복 펜션 오늘 예약 수기 조금 가성 비 좋다 정보,1.0
"파파트래블님 영상 잘 보고 있습니다.\n덕분에 좋은 민박, 팬션 정보 얻고 있는데 이번에 어이없는 경우를 당해서 알고계시면 좋을 것 같아 글 남기네요.\n안면도에 <꽃지바다이야기 팬션> 소개영상 보고 이번 휴가를 보내려고 예약을 했습니다.\n\n홈페이지에서 8월 20일~22일 2박3일 예약을 하고 바베큐 무한리필은 미리 전화를 줘야 한다고 해서 금일(8월 11일) 바베큐 무한리필 예약전화를 드렸는데...\n\n연박을 하면 1번만 바베큐 무한리필이 제공된다고 하십니다.\n\n상식적으로 연박시 1번만 제공된다면 홈페이지에 공지를 해야 하는게 맞지 않겠습니까?\n\n만약 제가 1박 예약하고 같은 방을 와이프 이름으로 1박 예약하고 각자 전화해서 2박 바베큐 달라고 하면 어떨까요? \n\n당연한 말이겠지만 각각 다른 예약이라고 2박 모두 바베큐 즐길 수 있겠죠. 그런데 그걸 1번만 제공한다는게 말인지...\n\n\n당당하게 바베큐 무한리필 제공한다 하였으면 이건 사실상 가격에 포함되서 판매되는 상품입니다. \n\n\n그걸 엿장수...아니 펜션 주인이라고 그 어떠한 공지도 없이 마음대로 한다는건 소비자를 기만하는거라 생각합니다.\n\n파파트래블님 영상을 보고있는 사람으로 파파트래블님께서 해당 영상에 자막이던 멘트던 뭔가 알려주셔야 하지 않을까 합니다.\n\n추가로 와이프와 상의해서 그럼 1박만 하기로 하여 다시 전화를 드리니 2박 모두 취소를 하고 다시 예약을 하랍니다.(일반적으로는 1박만 취소가 되는게 정상이죠)\n\n그러면서 그 사이 다른 사람이 예약하면 방법이 없다고 강조를 하더군요.\n\n현재 8월11일 금요일 입니다. 오후 3시에 전화를 했고요. 누가 언제 예약이 취소될지도 모르는 예약페이지를 대기하고 있다가 예약을 한답니까?\n\n취소 전화 드리고 예약취소 문자 오기 전부터 새로고침하면서 기다렸는데 단 1초도 예약가능 뜬 적이 없습니다만 그 사이 누가 예약 했답니다.\n\n하...어이가 없네요....\n\n휴가 10일 남겨놓고 예약이 취소되서 정말 어이가 없어 죽겠네요....\n\n\n\n오늘도 좋은 영상 올려주시고 항상 응원합니다~",파파 트래블 영상 보고  덕분 좋다 민박 팬션 정보   어없다 경우 당 좋다 것 같다 글 안면도 꽃지 바다야기 팬션  영상 보고  휴가 예약 홈페지 박 예약 바베큐 무한리필 미리 화 금일 바베큐 무한리필 화 박 만 바베큐 무한리필 공 상식 연 만 공 홈페지 공지 만약  박 예약 같다 방 와프 름 박 예약 각자 화 박 바베큐 달라 어떻다  당연 각각 다른 예약 박 모두 바베큐 수  그런 만 게 말 당당 바베큐 무한리필 공 건 사실 가격 포함 판매 상품  장수 니다 펜션 주 그 어떠 공지 마음로 건 소비자 기만 생각 파파 트래블 영상 사람 파파 트래블 해당 영상 자막 멘트 던 뭔가 추가 와프 상의 그렇다 박만 다시 화 박 모두 취소 다시 예약 하랍니 일반 박만 취소 정상 그렇다 그 사 다른 사람 예약 방법 없다 강조 현재 금일  오후 화 누가 언 예약 취소 페지 기  예약 한 답 취소 화 예약 취소 문자 오기  새로고침 단 예약 가능 적 없다 그 사 누가 예약 하 어 없다 휴가 예약 취소 정말 어 없다 죽겠네 오늘 좋다 영상 항상 응원,-1.0
질문이 있어요.\n위내용대로. 연간회원권 구매후 \n객실예약 하면. 예를들어 패밀리4인 2층침대가격이 273600원인데 \n절반가격으로갈수 있다는건가요?,질문  위 내용 연간 회원 구매 후 객실 예약 예 패밀리  층 침 가격 절반 가격 갈수  가,-1.0
안녕하세요 ~\n제주도로 배타고 처음으로 가볼려고합니다~\n8월8일 19시에 배타고가려는데요~\n6월22일 이후에 배표예약이된다네요~\n차는 가지고가지않습니다~\n예약을 어디서 어떻게했나요?\n배표예약정보 좀 알려주세용~. . . ^^\n감사합니다 \n️,안녕 주도 배타 처음 배타 후 배표 예약 예약 어떻다 배표 예약 정보 좀,-1.0
"이번 제주여행,,\n비행기 두명 왕복44\n렌트5박6일55\n하 벌써 100만원\n배편 늦게 예약알아보니 전부 마감 ㅜ\n다음부터 꼭 배에 차량선적하고 갈껍니다 ㅜ", 주 여행 비행기 두 명 왕복 렌트 박 하 벌써 배편 예약 부 마감 다음 꼭 배 차량 선적 갈껍니,-1.0
보통 초호화 유람선에 클래식음악 생각하지만 현실은 휴게소 트로트에  길바닥에 널부러져 노숙 2평 방에 13명 예약 받는것만 봐도 잘곳은 니들이 만들어 이거임,보통 초 호화 람선 클래식 음악 생각 현실 휴게소 트로트 길 바닥 널 노숙 평 방 명 예약  니  거임,-1.0
좋은건 아는데 예약이  전국 숲체험 예약하기힘들어  안한다,좋다 건 예약 국 숲 체험 예약 힘들다 안,1.0
예약 문의는 어떻게 하나요?^^,예약 문의 어떻다 하나,-1.0
너무 기보고 싶어 예약 알아보니   밀단 내년  연말까지 예약 만료라네요~ ㅎㅎ,기보 예약 내년 연말 예약 만료 ,-1.0
영상 보고 한달전에.  예약 성공 했습니다\n10월 마지막 주말에.  갑니다,영상 보고 한 달 예약 성공 마지막 주말,1.0
예약했어요ㅎㅎ 일요일 갑니다~^^,예약 일일,1.0
황토집 정말좋네요 올해예약이 끝났다고요?ㅎ\n함 꼭 가보고싶네요 예약하려면 연락처알려주세요,황토 집 정말 좋다 올해 예약 함 꼭 예약 연락처,1.0
여기는 예약 어땋게하나용,예약 어땋 하나 용,1.0
어떻게 해야 예약할수있나요?,어떻다 예약,-1.0
어떻게 예약이 가능한지요?,어떻다 예약 가능,1.0
예약해야 가능한가요?,예약 가능,1.0
어떻게예약해야하나요,어떻다 예약,-1.0
태풍오늘날 예약이 되었는데 여기 산사태나 범람 이런 위험 요소는 없나여?,태풍 오늘날 예약 여기 산사태 범람 렇다 위험 소 없다,-1.0
1박2식가격은 어떻게 되나요?예약은 어떻게 하는지요?,박 식 가격 어떻다 예약 어떻다,-1.0
좋은곳 소개 해 주셔서 감사합니다 \n예약 할려면 어떻게 하면 되나요,좋다   해 예약 어떻다,1.0
예약은\n어떻게하나요~,예약 어떻다 하나,-1.0
전화로만 예약이 가능한가요?,화 로만 예약 가능,1.0
10인 단체 예약도 받으시는지 궁금하네요?, 단체 예약 궁금,1.0
이 곳 올 해  12월까지 예약이 다 찼다고 합니다~,  해 예약,1.0
5명 8월11일 예약할수있나요?,명 예약,1.0
예약방법 알려주세요 ~,예약 방법,-1.0
예약은 어떻게 하나요?,예약 어떻다 하나,-1.0
예약 방법을 알려주시면 감사하겠습니다   \n감사합니다,예약 방법,-1.0
예약방법 부탁드려요~,예약 방법 부탁드리다,-1.0
예약은. 어떻해. 하면되요?\n전화번호라두. 남겨주세요,예약 어떻다  화호 두,-1.0
예약을 하려고 하는데 전화번호와\n주소좀부탁합니다~~,예약 화호 좀 부탁,-1.0
주인 폰번호좀알수있을까요?예약할때는 어떻게하죠?,주 폰 호 좀 예약  게,1.0
예약을 하려는데 정확한 전화번호좀 알려주세요,예약 정확 화호 좀,1.0
5월 토요일 4인 예약할려구 했더니 금액이 22만원에서 29만원으로 올랐다고 하네요\nㅠㅠ,토일  예약 구 금액,-1.0
휴양림 주말 치열하죠. 예약이. ㅋ\n영상 잘 봤습니다 ㅎㅎ,휴양림 주말 치열 예약 영상,1.0
예약은어디서하는건지요,예약,1.0
벌써 7~~8월 주말은 예약이 안되네요,벌써 주말 예약 안되다,-1.0
항상 응원합니다. 반려견 동반 가능이라 더욱 좋네요. 예약 완료했습니다.,항상 응원 반려견 동반 가능 더욱 좋다 예약 완료,1.0
오늘 예약하려고 문의하니 2인이가도 무조건 4인기준으로 계산하네요.,오늘 예약 문의 무조건 기 준 계산,-1.0
전화해보니 주말은 9월까지 예약 마감이네요. 그리고 당분간은 강아지 안받는다고 합니다 ( 사람싸움으로 번진다고 하더군요 ㅜㅜ),화 주말 예약 마감  그리고 당분간 강지 안 사람 싸움 ,-1.0
예약은 어떻케 하나요,예약 케 하나,1.0
☆★☆★ 강진 푸소 ☆★☆★\n홈페이지 : https://www.gangjin.go.kr/fuso/intro\n\n신청방법 : 푸소체험 담당자와 일정 확인 후 유선 예약→ 체험비는 농가로 직접 송금\n※ 문의 : 061)430-3314/3317\n - 강진 푸소는 농가체험 프로그램으로 90여개 민박집이 렌덤으로 배정된다는 점 유의해 주세요^^\n - 인당 5만 8천원으로 숙박과 2끼 식사를 동일하게 제공되며 식사 메뉴는 민박집 마다 다를 수 있습니다.,강진 홈페지 https://www.gangjin.go.kr/fuso/intro 신청 방법 체험 담당자 일정 확 후 선 예약 체험 농가 직접 송금 문의 강진 소 농가 체험 프로그램 여개 민박 집 렌덤 배정 점 의 숙박 끼 식사 동일 공 식사 뉴 민박 집 마다 다르다 수 ,-1.0
파파트레블 이런곳 많이 찾아 주세요^^\n예약 하기가 너무 어렵지만 좋은곳 너무 많네요\n좋은 정보 감사합니다 ^^,파파 트레블  예약 어렵다 좋다  많다 좋다 정보,1.0
예약 하고싶어요,예약,1.0
오~~\n올해는 여름 휴가 못갔는데\n추석쯤에 가도 시골 풍경과 한옥이 아주 잘 어우러지겠네요\n예약하기 어렵겠는데  어떤가요,오 올해 여름 휴가 못 추석 가도 시골 풍경 한 옥 주 예약 어렵다 가,1.0
영상 끝까지 안보고 예약어케하냐고 물어보는 것들 수두룩하네 ㅋㅋㅋㅋㅋㅋㅋㅋㅋㅋ,영상 끝 안보 예약어 케 것 수두,-1.0
겨울 한철 예약 받지 않아요. 이런 것도 알려주시지~~,겨 한철 예약 렇다 것,-1.0
어떻게 예약 하나요^♡^,어떻다 예약 하나,-1.0
예약은어떻게하나요\n주소랑연락처?,예약 어떻다 하나 주소 연락처,-1.0
예약은 어떻게 하나요?,예약 어떻다 하나,-1.0
예약안됨,예약 안되다,-1.0
담달 바로 예약 잡앗네요..ㅎ 좋은후기랑 같기를 바랍니다 감사해요,담달 바로 예약 좋다 후기 같다,1.0
영상보고\n방금 예약했네요 ㅎ\n2월 예약이 꽉 찼네요\n좋은정보 감사합니당,영상 보고 방금 예약 예약 꽉 좋다 정보,1.0
"귀하의 영상을 보고 검색한 후 예약하려고 전화 했는데 아니랍니다 소소가 민박으로 검색하면 경주 부근으로 한 곳만 검색되어 전화했는데 유튜브 영상 소개글 문의 때문에 힘들어 하더군요! 구독, 좋아요 받으시려면 이거 아니지 않습니까?",귀하 영상 보고 검색 후 예약 화 니다 소가 민박 검색 경주 부근  검색 화 튜브 영상  글 문의 문 힘들다 구독 좋다  거 니다,1.0
예약 어디서 하나요?,예약 하나,1.0
감포소소가에 예약할려하니 일박에 400000원 이상인데 \n여기와 다른곳이나요?\n평일 130000원은 사기성홍보 광고 같아요,감포 소가 예약 하니 일박 상 여기  나 평일 사기 홍보 광고 같다,-1.0
예약  가능 연락처가 어떡게 되나요?,예약 가능 연락처 어떡,1.0
예약은 어떻게하나요? 야놀자 이런데 안나오던데,예약 어떻다 하나 야 렇다 안,-1.0
소소가민박 예약하려니50만원으로 뜨던데요,소가 민박 예약,-1.0
와ㅠㅠ 보자마자 사이트 들어갔을 땐 바로 예약이 되더니... 다시 들어가니까 2월은 주말빼고 막아놨네요 ㅠㅠㅠㅠ,사트 땐 바로 예약 다시 주말,1.0
"영상보고 예약하려고 찾아보니, 말씀하신 플랜은 아고다에서는 매진이라고 떠서 예약이 불가능하네요.\n어디서 예약해야되나요??",영상 보고 예약 말씀 플랜 고다 매진 예약 불가능 예약,-1.0
"3끼, 저 구성으로 하려면 어떻게 예약해야하나요?",끼  구성 어떻다 예약,-1.0
"한번 가야겠네요.  홈페이지에는 199,000원부터인데 어떤 사이트에서 예약해야 189,000원 인가요?",한 홈페지 어떻다 사트 예약,-1.0
어디를 통해 예약 하면 될까여??,어디 통해 예약 여,-1.0
저는  해피데이 단골인데 이제 밥까지 주신다니 대박이네요. 예약하면서 가격이 너무 싼거 아니냐고 여쭤봤더니 그래도 비싸다고 뭐라 하는 사람들 전화로 속상하다고 하셨어요..정말 깨끗하고 친절한데 스파에 계곡에 바다까지 쉬고 오기에는 딱 좋습니다., 해피  단골  밥 박  예약 가격 니다 비싸다 사람 화 속상 정말 깨끗 친절 스파 계곡 바다 쉬 오기 좋다,1.0
이영상보고 6일날 다녀왔어요 주인장 내외분 친절 세심 청결 모두만족이었네요 너무만족스러워 \n연박하려했으나 예약만실로 다음을기약\n우리부부 좋~다 100번은 외친듯 덕분에 해피데이였네요 감사 6:14, 상보 주 내외 친절 세심 청결 만족 만족스럽다 연 박 예약 실로 다음 기약 우리 부부 좋다 은 덕분 해피  감사,1.0
함정은 추가비용이 제곱 ..2인일때 가성비\n전화 예약은 계좌이체,함정 추가 비용 곱 일 가성 비 화 예약 계좌 체,1.0
잘보고 바로예약했어요 감사의선물로 꾹꾹 누루고 감니다 종종 들릴게욤ㅎㅎ,잘 바로 예약 감사 선물 꾹꾹 누 루고 종종 욤,1.0
예약 어디서 하나요?,예약 하나,1.0
저기  주말 가격을  확실히 알려 주세요~~~  예약 하고 가고 싶습니다~~~,기 주말 가격 확실 예약,1.0
부산 사는 구독자입니다.\n평소 파파님 영상 잘보고 있고 감사말씀 드립니다.\n이곳은 이번에 다녀왔습니다.ㅎ\n일단 바로 엊그제 다녀왔고 윗지방분들이랑 갬성자체가 틀린지라 아랫지방분들 참고하시라고 솔직리뷰 남깁니다.^^\n일단 영상업뎃 몇개월지났는데 민박은 현재 2인기준 7만원으로 올랐습니다.\n굴은 소.중.대 각 5천원씩 올랐습니다.\n영상만큼의 푸짐한 양은 아니고 음..좀 작다싶을 정도긴 합니다.그냥 시내 굴구이집 정도?라고 보시면  될듯합니다. \n라면은 머 해장라면이고 전복죽은 8천원.양은 작은듯하지만 전복이 나름 실하게 들어있습니다.기장연화리는 내장으로 색깔만 내고 양이 많은대신 전복 씹기가 힘든데 여기는 압축시켜놓은 느낌입니다.^^\n하지만..굳이 가성비찾으면서 이곳 굴단지 찾을 정도는 아닌듯합니다.\n숙박은 깔끔하긴하나 4~5명 충분은 오버인것같고 두세명 딱입니다.\n간단한 취사 안됩니다.인덕션안됨.\n전자렌지는 커녕 냄비하나 숟가락.젓가락하나 없습니다.\n식당에서 1차드시고 주위아무것도 없고 취사가 안되니 가족분들의 식사가 아니더라도 2차하시려면 간단한 음식을 챙겨가시길 권해드립니다.\n(치킨집한곳뿐이라 치킨외 배달음식도 없음.치킨도 9시에 영업마감함)\n예약할때 개인수건도 따로 가지고 오라고합니다.ㅎ\n오션뷰는 윗지방분들은 좋아하실지는 모르겠지만..머 부산이나 바닷가분들은 \n굳이 머 이런 뷰로 숙박까지..하시는분들이 많지 않을까 싶습니다.^^\n암만 모든물가가 올랐다고는 하나  평일.주말 현금입금만 받는데 7만원이면 주말이라도 이삼만원만 보태면 더 좋은숙소.펜션이 널렸으니 특히 커플분들이면 가격대비로도 솔직히 추천드리긴 힘들것같습니다.ㅠ\n그럼에도 불구하고 장점을 말씀드리자면..\n마산합포구중에서도 이곳 굴단지가 외각지역이라 \n진짜 조용합니다.영상에서 보시는 뷰에 물멍하기 좋습니다.^^\n그리고 사장님이 친절하십니다.\n내돈내산에 장삿집에 당연히 친절도도 바라게 되지만 메뉴얼화된 응대가 아닌 사람좋은 느낌의 친절이라 좋았습니다.\n조용하니 근교의 느낌으로 한번 와봐도 좋을 느낌이라 생각이 들긴합니다.^^\n이상 아랫지방분들을 위한 리뷰였습니다 ㅋㅋ,부산 독자  평소 파파 영상 잘  감사 말씀    일단 바로 엊그 지방 자체 지방 참고 솔직 리뷰 일단 상업 뎃 몇개 월지 민박 현재 기 준 굴 소 중 각 영상 짐 양은 니다 음 좀 작다 정도 그냥 시내 굳다 집 정도 보시 라면 머 해장 라면 복죽 양은 작다 하지만 복 나름 실 장연 리 내장 색깔 양 많다 신 복 힘드다 느낌  하지만 굳 가성 비   굴 단지 정도 니다 숙박 깔끔 명 충분 오버 것 같다 두 세명 딱 간단 취사 안되다 덕션 안되다 자렌지 커녕 냄비 하나 숟가락 젓가락 하나 없다 식당 차드 시 주위 것 없다 취사 안되다 가족 식사 니다 차 간단 음식 권 치킨 집 한  치킨 외 배달 음식 없다 치킨 영업 마감 함 예약  개 수건 가지 오라 고합 오션 뷰 지방 좋 머 부산 바닷가 굳 머 렇다 뷰 숙박 분 많다 암만 물가 하나 평일 주말 현금 입금 주말 삼만원 보태 더 좋다 숙소 펜션 널렸으 커플 면 가격 비 도 솔직  힘들다 같다 그렇다 불구 장점 마산합포구   굴 단지 외각 지역 진짜 조용 영상 보시 뷰 물 멍 좋다 그리고 사장 친절 내 돈 내 산 장삿집 당연 친절 도도 뉴얼 응 니다 사람 좋다 느낌 친절 좋다 조용 근교 느낌 한 좋다 느낌 생각 상 지방 위 리뷰,-1.0
민박예약할려면 가게에 직접\n전화하면 되나요??,민박 예약 가게 직접 화,1.0
전 8월말 차 가지고\n제주도를 가려하는데\n어떻게 해야되는지 몰라 전전긍긍하고\n있습니다.\n어떻게 해야하는지\n예약부터 왕복으로\n갔다오는  방법 좀\n알려 주세요.\n그냥 가서 타도 되는지\n등등 요..., 차 가지 주도 어떻다 긍긍  어떻다 예약 왕복 방법 좀 그냥 타도 등등 ,-1.0
저는 8월초에 8박9일로 가려니 배 타는게 좋을거 같아서 예약했네요 물론 진도항까지 4시간정도 걸릴거같긴하지만 차 싣고 4식구 가격이 80 안되는거같아요 렌트비만 120에 비행기 대략80일듯하니... 배타면 120만원 절약이라 전 좀 고생해도 배여행 괜찮을거같아요~~ 좋은정보 감사드립니다, 박 배 좋다 같다 예약 진도항 같다 차 식구 가격 안되다 같다 렌트 비만 비행기 략 배타 절약  좀 고생 배 여행 괜찮다 같다 좋다 정보 감사,1.0
배타고 차선적하고 가려다가 그냥 비행기로 예약했네요,배타 차선 그냥 비행기 예약,-1.0
"제주도는 아니지만 몇년전에 일본갈때 열몇시간 걸리는 배 타고 갔었는데...진짜 방 업글 못했으면 무슨 콩나물 시루에 섞여서 잘뻔...자리 잡는다고 매트리스 깔고 대각선으로 쳐 누워있는 정신나간 여자들 판치고..열몇시간을 배타고 오면서 내가 왜 이짓하고 있나 싶은 생각밖에 안듬..(너무 늦게 예약해서 배편밖에 없어서...늦게 예약한 내가 죄인이지..)\n가족들, 친구가족들 모두 두번다시 배타고 열몇시간 이동하지 말자고 하더군요..새로운 경험은 개뿔...",주도 니다 년 일본  시간 배 타고 진짜 방 업글 못 무슨 콩나물 시루 뻔 자리 매트리스 각선 정신 여자 판 시간 배타 내 왜  짓  생각 안듬 예약 배편 없다 예약 내 죄 가족 친구 가족 모두 두  다시 배타 시간 동 말 자고 새롭다 경험 개뿔,-1.0
4월에 예약하고 갈거에요~추천 감사합니다,예약 ,1.0
이영상보고 바로 예약해서 이틀째 머물고잇어요 소개하신거보다 훨씬 뷰며 수영장 객실 다 더 좋네요 직원분들은 또 얼마나 친절하신지 정말 계속잇고싶네요 손주도 여기서 살자고 하네요 ㅎ 애기들은 정직하잖아요 호텔 상상 레알 진심 적극 강추입니다 그리고 파파트레블님 감사합니다 항상 응원합니다, 상보 바로 예약 틀  뷰 수영장 객실 더 좋다 직원 또 얼마나 친절 정말 계속 손 주도 여기 살 자고 애기 정직 호텔 상상 레알 진심 적극 강추  그리고 파파 트레블 항상 응원,1.0
"사천 마들렌 호텔 영상보고 예약할려니 그새 175,000원에서 20만원으로 올랐네요 ㅜㅠ\n그래서 거제도 호텔상상이 더 좋아보여서 여기로 가봐야겠어요^^\n근데 음식은 어디가 더 나은가요?? 궁금해요^^",사천 마들렌 호텔 영상 보고 예약 그 새 거도 호텔 상상 더 좋다 보 여기 음식 어디가 더 궁금,1.0
프로모션가로 예약하려면 어디서 해야하나요?,프로모션 가로 예약,1.0
감사 합니다.레스토랑 예약은 당일 체크인 하면서 해도 되나요?,감사 레스토랑 예약 당일 체크 해도,1.0
경남 산청(수선사)\n경남 함양(지안재)\n전남 영광(천일염전& 영광풍력발전소\n 전남 보성 (대원사)\n전남 장흥 (선학동유채마을)\n전남 화순(남산공원)\n충북 옥천(수생식물학습원)~홈페에서 사전예약 필수\n경기도 연천(재인폭포)\n전북 진안(부귀메타쉐콰이어길)\n강원도 양구(한반도섬)\n충북 단양(이끼터널)\n전남 강진(설록다원)\n전남 강진(강자만생태공원)\n영상이 편안하고 내가 가보지못한곳이면서 한번은 꼭가보고 싶은곳 잘찍어주셨네요\n구독과 좋아요 눌러주고가요,경남 산청 선사 경남 함양 지안 재 남 영광 염 영광 풍력 발소 남 보성 원사 남 장흥 선학동 채 마을 남 화순 남산 공원 충북 옥천 수생 식물 학습원 홈페 사예약 필수 경기도 연천 재 폭포 북 진안 부귀 타쉐콰어 길 강원도 양구 한반도 섬 충북 단양 끼 터널 남 강진 원 남 강진 강 자만 생태 공원 영상 편안 내 한  면 한 꼭  잘 구독 좋다,1.0
와 진짜 꼭 한번 해보고 싶은 여행이네요.\n 근데 예약 방법이라든가  그런 내용도 있으면 더 좋았겠어요,진짜 꼭 한 여행  예약 방법 그렇다 내용  더 좋다,1.0
어디서 예약 할 수 있는건가요?,예약 수  가,1.0
크루즈 여행 경험이 있어서 코스타 홈페이지에서 예약하려고 했더니 이 상품은 없는 듯합니다! 이 크루즈는 여행사를 통해서만 예약 가능한가요? 어떻게 예약하셨는지 알려주시면 감사하겠습니다!^^,크루즈 여행 경험  코 스타 홈페지 예약  상품 없다 듯  크루즈 여행사 통 예약 가능 어떻다 예약,-1.0
"2024년 예약하려면, \n예약방법 알려주시면 감사하겠습니다^^",예약 예약 방법,-1.0
이거  크루즈 여행 예약은 어뜨케해요?\n부모님 여행 보내주고 싶다, 거 크루즈 여행 예약 어뜨케해 부모님 여행,1.0
"익산사는데도 아가페 수목원\n못 가봤네요~예약안해도 되는\n줄 알았는데, 덕분에 주말예약은\n필수라는 것도 알고 갑니다^^\n담주 주말에 가봐야 겠어요~\n좋은 정보와 영상 감사합니다",익산 가페 수목원 못 안해 줄 덕분 주말 예약 필수 것 알 주말 좋다 정보 영상,1.0
이번달말 가족둘과 부산여행 예약했는데 코땡이땜시 어찌될지 모르겠어요ㅠ가게되면 일상이님 영상을 참고로 꼭 가볼게요., 가족 둘 부산여행 예약 코땡  땜시 어찌 가게 상 영상 참고 꼭,-1.0
"☆ 장가계 패키지상품 링크는 아래 클릭\n     https://me2.do/5LugmaQI\n\n☆일상이여행×온라인투어 장가계 특전\n일상이여행 구독자분이 예약하실 때 일상이여행 구독자라고 말씀하시면. 중국 전통주 1병을 1팀 당 한병씩 선물로 드립니다!\n장가계 패키지 여행시 알고 가세요!\n\n1. 장가계는 1년에 220일 이상 비가 내려 일정은 날씨에 따라 바뀔 수 있습니다.\n2. 여행 경비는 한국돈(천원 짜리) 또는 달러로 바꿔 가세요.\n3. 장가계 비행편은 직항과  장사에서 경유하여 리무진버스로 가는 3가지 방법이 있어요.\n4. 낮은 가격의 패키지 일수록 쇼핑과 옵션이 많아 집니다.\n5. 쇼핑은 한 곳 당 약 40~50분 정도 방문합니다. 구매 후 한달 내 반품 가능\n6. 쇼핑이 부담스럽다면, 노팁+노쇼핑 상품을 추천합니다.\n장가계 패키지 여행시 여행비용!\n\n1. 장가계 패키지는 대부분 저렴하지만, 대부분의 여행지는 옵션으로 이루어져 있습니다.\n2. 모든 옵션을 한다면 약 400달러 정도 추가 비용이 듭니다. \n3. 대략 인당 100~130만원 정도로 총 예산을 잡으세요 .\n4. 옵션은 가능하면 다 하시는 것이 좋아요. (실제로 장가계 입장료는 개인소유라 비싸요.)\n5. 장가계는 시내 면세점이 거의 없습니다. (공항에 작은 면세점이 있으나 가격 비슷)\n6. 패키지+옵션비용+쇼핑 외 비용이 드는 것은 거의 없어요.\n여행 준비물\n1. 우비는 필수이나 현지에서 구매하셔도 됩니다. (호텔 앞에서 상인들이 있어요.)\n2. 하루 평균 2만 보 정도 걷기 때문에 등산화 보다는 편한 운동화가 좋아요.\n3. 식사가 입맛에 맞지 않을 경우 고추장, 김, 통조림을 준비해도 좋습니다.\n4. 큰 가방은 버스에 두고 작은 가방에 필요한 물품을 넣어 가볍게 다니세요.\n5. 햇빛이 강해 모자나 선글라스, 자외선 차단제를 준비해주세요.\n6. 추운 겨울에는 옷을 껴입기 보단 따뜻한 패딩을 추천합니다.",장가계 패키지 상품 링크 래 클릭 https://me2.do/5LugmaQI 일상 여행 온라투어 장가계 특 일상 여행 독자 예약  일상 여행 독자 말씀 중국 통주 병 팀 당 한 병 선물 장가계 패키지 행시 알 가세 장가계 상 비 일정 날씨 수  여행 경비 한국 돈 천원 달러 가세 장가계 비행 편 직항 장사 경 리무진 버스 가지 방법  낮다 가격 패키지 쇼핑 옵션 많다 쇼핑  당 약 정도 방문 구매 후 한 달 내 반품 가능 쇼핑 부담스럽다 노팁 노 쇼핑 상품  장가계 패키지 행시 여행 비용 장가계 패키지 부분 렴 부분 여행 옵션  모든 옵션 약 정도 추가 비용 듭니 략 정도 총 예산 옵션 가능 것 좋다 실 장가계 입장료 개 소 비싸다 장가계 시내 면세점 거의 없다 공항 작다 면세점  가격 비슷 패키지 옵션 비용 쇼핑 외 비용 것 거의 없다 여행 준비물 필수 현지 구매 호텔 앞 상  하루 평균 보 정도 걷기 문 등산 편 운동화 좋다 식사 입맛 경우 고추장 김 통조림 준비 좋다 가방 버스 작다 가방 필 물품 가볍다 햇빛 강 모자 선글라스 자외선 차단  준비 겨 옷 따뜻 패딩 ,-1.0
"시부모님 모시고 장가계 여행하려고 찾아보던 중 올려 주신 영상 보고 온라인투어에서 예약하기로 마음먹고 예약했어요!!\n☆일상이여행×온라인투어 장가계 특전 <--이걸 뒤늦게 본지라 다시 전화해서 혹시 이벤트 아직 진행 중인지 여쭤보니 원래는 예약 시 미리 말해야만 적용되는 건데 감사하게도 담당자님 재량으로 적용해 주셔서 중국 전통주 선물 받겠네요 ^^\n9월에 가는 건데, 벌써 떨리고 난리 ㅎㅎ 날씨 요정이 따라줬으면 좋겠어요..! 잘 다녀오겠습니다!",시부모 모시 장가계 여행 중 주신 영상 보고 온라투어 예약 예약 일상 여행 온라투어 장가계 특  걸 뒤늦다 지라 다시 화 혹시 벤트 진행 중 원래 예약 시 미리 말 적용 담당자 재량 적용 중국 통주 선물 벌써 난리 날씨 정 좋다,1.0
"올여름4박5일 가려고 온라인 투어에 예약중인데 아직 결재는 고민중,노팁,노쇼핑으로 가보려구요,,자세한 설명과 영상 감사합니다,,진짜 일상이 여행보고 예약했다고 하면 술한병주나요??날씨가 맞어야 할텐데 여름휴가때 가면 비 많이 안올지 걱정입니다",올여름 박 온라 투어 예약 결재 고민 노팁 노 쇼핑 자세 설명 영상 진짜 일상 여행 보고 예약 술 한 병주  날씨 여름 휴가  가면 비 안 걱정 ,1.0
장가계  우리모임 8명부부 가려는데 비용은 얼마 정도 시기는 언제가 좋은가요. 한 4박5일 정도 생각 하는데요 미리 예약해야 하나요. 여름은 너무 더워서요.,장가계 우리 모임 명 부부 비용 얼마 정도 시기 언 좋다 박 정도 생각 미리 예약 하나 여름 덥다,1.0
여기 통해서 예약 진행중 입니다. 덕분에 중국술 한 병 서비스 받네요.\n감사합니다 ~^^\n5월5일까지 중국 노동절 휴가인데 7일 출발은 현지인 관광객 때문에 여행하기 복잡하지 않을까요?,여기 통해 예약 진행중  덕분 중국 술 병 서비스 중국 노동절 휴가 출발 현지 관광객 문 여행 복잡,1.0
이미 온라인투어에 장가계 2월출발 예약해두었는데 구독자이벤트 소급적용 될까요,온라투어 장가계 예약 독자 벤트 소급 적용 ,1.0
예약할때 구독자라고 이야기하면되나요?,예약  독자 야기,1.0
오늘 11월4일 정선에 왔어요\n병방치 스카이워크 에서\n이 코스 그대로 갔다왔는데\n이 영상처럼 너무 예뻐서\n얼마나 감탄을 하고왔는지~\n식구들도 넘 좋아합니다\n좋은곳 알려주셔서\n감사드립니다\n여기말고도정선 곳곳이 \n너무 아름답네요\n한국의 스위스라고해도\n과언은 아닐꺼 같습니다\n내년에도 정선예약입니다 ㅋ,오늘 정선 병방치 스카 워  코스 그로  영상 예쁘다 얼마나 감탄 식구 좋 좋다  감사 여기 정선  름답다 한국 스위스 해도 과언 니다 같다 내년 정선 예약 ,1.0
다음주 11.1~3까지 가리왕산 휴양림 예약하고 갑니다. 모친이 암재발로 항암중 힘든 맘인데 조금의 위로가 되었으면 합니다. 많이 못걸으시니 드라이브 코스 꼭 따라서 예쁜 풍경 보여드리고 싶네요. 감사합니다.,다음주 가리왕산 휴양림 예약 모친 재발 항 중 힘드다 맘 조금 위로 못 드라브 코스 꼭 따라서 예쁘다 풍경,1.0
많은 분들이 이용방법 문의 주셔서 예약 바로가기 링크 달아놓습니다!! ( 참고로 내돈내산으로 경험한 영상입니다.)\nhttps://www.letskorail.com/ebizprd/EbizPrdTicketpr21200W_pr21240.do?hidJobDv=VTRN,많다 분 용 방법 문의 예약 바로가기 링크 참고 내 돈 내 산 경험 영상  /www.letskorail.com/ebizprd/EbizPrdTicketpr21200W_pr21240.do?hidJobDv=VTRN,-1.0
예약을  안하면 탈 수가 없나요?\n고즈넉한 분위기  참 좋군요.\n늘 시청하고  구독하겠습니다.\n고맙습니다.,예약 안 탈 수가 없다 넉 분위기 좋다 늘 시청 구독 고맙다,1.0
8월 장마철에 가면 분천역과 비동역 사이 다리가 물에 잠겨 트레킹이 불가능 할 때가 있습니다.\n다음날 열차를 예약을 하고 탔는데 핸드폰으로 서둘러 예약을 하는 바람에 다른날자로 예약이 되었더군요\n타고 나서 알았는데 다행히 승무원 분들이 열차내에서 잘 처리 해 주셨습니다.\n오지 트레킹으로는 최고라고 생각합니다.\n양원역에서 쉬면서 마을분들이 파는 묵과 전에다가 막걸리 한잔 좋습니다.,장마철 가면 분천역 비동역 사 다리 물 트레킹 불가능   다음 날 열차 예약 핸드폰 예약 바람 날자 예약 타고 다행 승무원 분 차내 처리 해 오지 트레킹 최고 생각 양원역 마을 묵  막걸리 한잔 좋다,1.0
4월에 모임 여행 계획중 이었는데\n일상이 여행님 덕분에 넘 멋진 여수에\n흠뻑 빠져 그쪽으로 여행지를 정할것\n같네요~~\n여행 하셨던곳은 미리 예약을 해야 하나요~?\n그리고 우린 9명 모임이니만큼 팬션을\n이용해야 할것 같은데 아시는\n만큼 공유를 해 주셨음 하네요~ㅎ\n좋은 영상 감사합니다~~,모임 여행 계획 일상 여행 덕분 멋지다 여수 흠뻑 그 쪽 여행지 정 같다 여행  미리 예약 하나 그리고 우린 명 팬션 용 같다 시 만큼 공 해 좋다 영상,1.0
여행시작하려면 어떤절차 어디서 예약하나요?,여행 시작 절차 예약 하나,1.0
" 정선아리랑열차 예매 방법\n\n1. 운영시간 \n - 매월 2,7일 정선 아리랑 시장 오일장날\n - 매주 토~일요일 운영 / 하루 한 편 왕복 운행\n2. 주요역 출발 시간\n - 가는 편 출발시간 : 청량리 8시 30분 / 양평역 09시 01분\n - 오는 편 출발시간 : 아우라지 17시 49분 / 정선 18시 21분\n3. 이용 요금(편도) : 청량리 - 아우라지 23,400원 / 청량리 - 정선 22,100원\n4. 추천 구간 : 청량리 ~ 정선 / 아우라지 ~ 청량리\n5. 예약 방법\n - PC 레츠코레일 사이트 / 관광열차 / A-Train 선택 / 승차권 구입\n - 모바일 코레일톡 앱 / 승차권 예매 / 목적지 설정",정선리랑 열차 예매 방법 운영 시간 매월 정선 리랑 시장 오일 장날 토 일일 운영 하루 편 왕복 운행 역 출발 시간 편 출발 시간 청량리 양평역 편 출발 시간 우라지 정선 용 금 편도 청량리 우라지 청량리 정선  구간 청량리 정선 우라지 청량리 예약 방법 레츠 코레일 사트 관광열차 선택 승차권 구입 모바일 코레일 톡 앱 승차권 예매 목적지 설정,-1.0
마지막 아우라지 다리에서\n중학생아들 사진찍었었는데\n십년전 기억이 나서 행복하네요\n이번엔 딸이랑 가보고 싶은데\n기차는 미리 예약해야하나요?,마지막 우라지 다리 중학생 들 사진 십년  기억 행복  딸 기차 미리 예약,-1.0
봄엔  몇월달이 좋을까요?\n지금 봄 예약도 되는지?,봄 월 달 좋다 지금 봄 예약,1.0
정선시장까지 코레일관광상품 이용안하고 청량리에서 정선까지 기차 예약만 해도 되나요? 어플로 예약하려니 안되고 역사전화하니 통화가 안돼서 댓글 남깁니다,정선 시장 코레일 관광 상품 용 안 청량리 정선 기차 예약 해도 어플 예약 안되다 역사 화 통화 안 댓글,-1.0
백두대간열차 미리예약해야되나요?,백두간 열차 미리 예약,1.0
우연히 보게 되었는데 아름다운 곳이 많네요 현실은 식당을 하느라 꼼짝을 못하지만 여유롭게 다닐 수 있는 날이 올거라고 기대하고 있어요 여행님 올리신 곳 하나씩 다녀볼 날을 꿈꿉니다. 숙소는 예약하고 다니시나요?,름답다  많다 현실 식당 꼼짝 못 수  날 기  여행  하나 볼 날 숙소 예약,-1.0
현대투어존 서부지중해 예약해놨는데\n동부지중해로 갈까봐요~~서부는 배가 더커서\n복잡하다고 해서요~~고민되네요 ㅠㅠ,현 투어 존 서부 지중해 예약 동부 지중해  서부 배 더 커서 복잡 고민,-1.0
강릉 선크루리조트 저기 새해일출보러 가야지!! 했다가 예약못했어요 ㅠㅠㅠ 영상보니까 아쉬운데 일출아니더라도 강릉여행가면 꼭 저기갈거에요♡♡,강릉 선 크루 리조트 기 새해 일출 가야 예약 못 상보 쉽다 일출 니다 강릉 여행가 꼭 기,1.0
10월 계획에 넣어두었는데 캠핑랜드 예약이 ㅜㅜ\n계속 벼루고 있어욤ㅋㅋㅋ\n추천지 꼭 가보겠어욤^^,계획 캠핑 랜드 예약 계속 벼루 있어욤  꼭 욤,1.0
일상이님 거 하루만  먼저볼걸  정말  다 좋았네  모노레일은  예약해야이  다  마감되어  아쉬웠고  저산삼축제는  입장료 아까웠네요,상 거 하루 먼 볼걸 정말 좋다 모노레일 예약 마감 쉽다  산삼 축 입장료 깝다,1.0
환상적이네요.올해는 늦었고 내년을 예약합니다 ㅎ.영상 넘 멋찜요,환상 올해 내년 예약 영상 멋찜,1.0
어제  너무나도 아름다운 영상을 보고 오늘 근처 펜션 예약(16일)하려고 전화했는데 비가와서 단풍 다 떨어지고 없다고해서 내년에 꼭 숙박하겠다고 했어요.남편은 가자고 하는데 울산서 가는데 단풍도 못보는데..멋진 곳 소개해주셔서 감사해요.내년엔 꼭 가봐야겠어요.혹시 비온 후 다녀오신 분 안 계실까요?아직 메타세콰이어가 아름다운지요?,어 름답다 영상 보고 오늘 근처 펜션 예약 화 비 단풍 없다 고해 내년 꼭 숙박 남편 산 단풍 못 멋지다   내년 꼭 혹시 비온 후 분 안 계시다  타세콰어 름답다,1.0
덕분에 돌아오는 주\n금요일 예약 잘 했습니다.\n잘 다녀올게요\n감사합니다,덕분 주 금일 예약,1.0
예약은 어디서 하나요    제가 주공5단지  사는데  바로앞 제타플렉스앞에서 승차하면 되는군요,예약 하나  공 단지 바로 앞 플렉스 앞 승차,1.0
예약을 어떻게 하나요~?,예약 어떻다 하나,-1.0
버스예약은 어디서 하는지요,버스 예약,1.0
예약 방법  문의,예약 방법 문의,-1.0
예약은 어떻게 하나요 ,예약 어떻다 하나,-1.0
황매산 새벽에 예약 없이 갈수 있나요,황매산 새벽 예약 갈수 ,1.0
"이 영상과 노고단 영상을 보고 아내와 둘이서 지난 7월 17일 새벽에 서울을 출발해서 우포늪에 가서 한 바퀴 전체를 걸으니 장장 12 Km 시간은 대략 3시간 30분 걸렸습니다\n늪 전체를 뒤덮은 푸른 빛 물풀들과 물속에 어루러진 울창한 나무들은 감탄을 자아내더군요 이렇게 넓고 큰 늪이 장관을 이뤘습니다\n다음 날 노고단을 오르기 위해 예약한 지리산 호텔로 이동해서 취침 후에 새벽 4시에 성삼재 주차장에 도착해서 노고단으로 오르기 시작하니 출발 시에 추위는 간곳이 없고 금방 온 몸이 땀으로 범벅입니다\n정상에선 질 좋은 바람박이와 긴 바지가 필수입니다\n노고단 초입에서 고개를 돌리니 그림처럼 펼쳐진 운해가 시야에 들러오니 순간 피로가 싹 사라지고 탄성을 멈출 수 없더군요 정상에 이르르며 360도 전체를 감싼 운해를 연발총을 쏘듯 셔터를 눌려대고 구름 사이로 올라오는 일출에 또 한 번 입을 다물 수 없어 죽기 전에  꼭 봐야 할 장관이란 말이 그대로 입니다 \n내려오기가 너무 아쉽지만 다음 여정인 거제 해금강을 보기 위해 내려와 주차장에서 끓여먹은 라면의 맛은 일품 요리가 무색 합니다\n60 중반이지만 소개하신 장소를 하나 씩 가 보려고 합니다 좋은 영상과 친절한 설명에 감사합니다\n\n추기- 철원의 비둘기낭 폭포도 비온 뒤엔 너무 아릅답습니다, 주변의 출렁다리도 좋은데 다리를 건너 산길을 조금 더 가면 또 하나의 출렁다리가 숨어 있습니다, 세 곳 다 넓은 무료 주차장 바로 옆이라 걷기 싫은 분들도 가기가 편합니다\n인근의 삼부연 폭포도 도로가에 붙어 있지만 절경입니다, 포천 아트벨리까지 모두 당일치기로 보시면 좋습니다", 영상 노고단 영상 보고 내 둘서 지난 새벽 서 출발 우포늪 바퀴 체 시간 략 늪 체 뒤 푸른 빛 물풀 물속 어루러진 창 나무 감탄 넓다 늪 장관 다음 날 노고단 위해 예약 지리산 호텔 동해 취침 후 새벽 삼재 주차장 도착 노고단 시작 출발 시 추위 간 없다 금방 온 몸 땀 범벅  정상 질 좋다 바람 바지 필수  노고단 초입 고개 그림 운 시야 순간 피로 싹 탄성 수 없다 정상 르르 도 체 운 연발 총 셔터 눌려 고 구름 사 일출 또  입 수 없다  꼭 장관 말 그로  쉽다 다음 여정 거 해금강 보기 위해 주차장 라면 맛 일품 리 무색 중반  장소 하나 좋다 영상 친절 설명 추기 철원 비둘기 낭 폭포 비온 뒤  릅 답습 주변 다리 좋다 다리 건너 산길 조금 더 가면 또 하나 다리  세  넓다 무료 주차장 바로 옆 걷기 싫다 분 가기 편 근 부연 폭포 도로  절경  포천 트 리까 모두 당일치기 보시 좋다,1.0
"내년 1월부터는 한라산 성팍안 산행을 원하시면 사전예약(1일 1,000명/성판악, 1일 500명/관음사 )을 해야 가능하니  참고하시기 바랍니다.",내년 한라산 팍안 산행 원 사예약 명 판악 명 관음사 가능 참고,-1.0
킴스트레블님~ 여행 무지 좋아하는 1인으로 영상으로 힐링 전해주셔서 감사해요♡\n국내 여행 경기에도 한몫하고 계셔요~\n시청후 바로 장태산휴양림 예약했어요^^, 트레블 여행 무지 좋  영상 힐링   여행 경기 한몫 계시다 시청 후 바로 장태산 휴양림 예약,1.0
"저와 여행감성이 너무 일치하여 자주 들러 보고 있습니다. 감사합니다.\n소개해 주신 영월에 지난달 말에 다녀왔는데요 판운리 섶다리가 제 인생여행 장소가 될 줄은 몰랐습니다.  나뭇가지로 만든 임시교라고 할 수 있는데요, 매년 시월에 섶다리 축제와 함께 지어졌다가 다음 해 여름 장마에 떠내려가면 다시 놓는다고 합니다. 그러니까 강수량이 적은 겨울과 봄에만 볼 수 있는 다리이지요. 걸어가면서 보니 다리가 제 몸무게를 받히느라 출렁출렁 흔들릴 정도로 튼튼하진 못했습니다만 콘크리트 다리에서는 느낄 수 없는 여유를 맛볼 수 있었습니다. 마치 푹신푹신한 흙길을 걷는 듯했지요.\n다리를 건너 메타세쿼이아 길을 걸었습니다. 일렬로 늘어서 하늘로 끝없이 솟아있는 나무가 참 인상적이었는데요, 이십오 년 전에 캠핑장을 조성하면서 심어놓은 나무가 벌써 이렇게 컸다는군요. 나무들끼리의 경쟁이 치열하여 메타세쿼이아뿐만 아니라 근처에 있는 전나무도 유독 크게 자라 있었습니다. 캠핑장 사장님과 이 길을 같이 걸으면서 많은 대화를 나누었는데 코로나19 때문에 예약 취소가 많아졌다고 걱정하셨습니다. 하루빨리 이 사태가 진정돼 많은 자영업자와 중소 상공인들이 마음 편히 사업을 할 수 있는 날이 왔으면 합니다.\n섶다리를 다시 건너와 판운쉼터 맞은편 벤치에 앉아 평창강을 바라보았습니다. 강은 윤슬을 머금고 어디 쪽으로 가는지 모르게 잔잔히 흐르고 어설픈 다리는 그 위에 살포시 얹어있습니다. 바람은 제법 불어 나뭇가지를 날리고 겨울답지 않게 따스한 햇살이 바람 사이로 내려왔습니다. 멀리 한 쌍의 물새가 강가에 작은 물보라를 일으키며 차례로 내려앉았습니다. 오래도록 잊히지 않을 광경이었습니다.", 여행 감성 일치 자주 보고   주신 영월 지난달 말 섶다리  생 여행 장소 줄 나뭇가지 임시 교 수  매년 시월 섶다리 축 다음 해 여름 장마 다시 강수량 겨 봄 볼 수  다리  몸무게 정도 튼튼 못 콘크리트 다리 수 없다 여 수  마치 한 흙길 듯 다리 건너 타세쿼 길 일렬 하늘 나무 상 십오 년  캠핑장 조성 나무 벌써 나무 끼리 경쟁 치열 타세쿼 니다 근처  나무 독 크게 자라  캠핑장 사장  길 많다 화 코로나 문 예약 취소 걱정  사태 진정 많다 자영 업자 중소 상공  마음 편 사업 수  날 섶다리 다시 터 맞은편 벤치 평창 강 강 윤슬 머 금고 어디 쪽 잔잔 어설프다 그 위 살포시 바람 법 불어 나뭇가지 겨 답지 따스 햇살 바람 사 멀리 쌍 물새 강가 작다 물보라 차례 광경,-1.0
진안 한번 꼭 가봐야겠어요\n벗꽃피는 4월에 갔었으면 넘넘 멋있을걸 \n내년을 예약해야겠어요,진안 한 꼭 벗꽃 멋 내년 예약,-1.0
담주에 단양가려고 숙박 예약 해 놓았는데 미리 좋은 정보 알게돼서 너무 행운이라고 생각하고 구경 정말정말 잘하고 갑니다ᆞ,양가 려고 숙박 예약 해 미리 좋다 정보 알 행운 생각 구경 정말 정말 잘,1.0
7월 구례가려고 예약했다가 태풍으로 취소하고 다음을 기약하고 있는 중입니다 \n추천해주신 곳은 뭔가 모르게 고수만이 아는 그런 느낌이 있어요 표현을 딱히 뭐라고 할 지 \n 암튼 전 좋았어요 감사합니다~☆☆☆,구례 려고 예약 태풍 취소 다음 기약  중    뭔가 고수 그렇다 느낌  표현 딱  좋다,-1.0
저의 남펴니 이번 여름에 킴스님 영상보고   장태산가보는거 허락했답니다 대전에숙소예약 ㅎ  여행장소 소개 마니마니부탁드려요♡♡ 속초 아바이 순대가 너무 먹고싶네요^^\n아 그리고 얼마전 포항여행편도 저희들 다녀왔답니다   칠포해수욕장이랑  호미반도둘레길 ㅎ, 남  여름  영상 보고 장태산 허락  숙소 예약 여행 장소  부탁드리다 속초 바 순  그리고 얼마  포항 여행 편도 희 칠포해수욕장 호미 반도 둘레길,1.0
여름휴가를 가족과 힐링여행으로 서출지 한옥체험 1박2일 예약했음\n다~유정식당도 가 볼 예정이에요.\n혹시 맛집 더 있음 추천 부탁드려요\n멋진영상과  정보 항상 감사드립니다^^,여름 휴가 가족 힐링 여행 서출지 한 옥 체험 박 예약 정식 볼 예정 혹시 맛집 더   부탁드리다 멋지다 영상 정보 항상 감사,1.0
어머나 태안~ ㅎ\n풍경도 아름답게 찍어주셨고  설명도 맛깔스러워 누구나 찾아가고  싶겠네요..\n태안에  갈곳 많습니다.\n목련꽃 필무렵 천리포수목원도 좋고   만리포해수욕장도 좋아요.\n만리포엔  가수 이용복씨가 운영하는 작은 레스토랑  '진달래먹고 물장구치고'도  가볼만 해요..점심때  한시간씩 이용복씨가 피아노 치면서 노래도 하시는듯..\n전화로 확인삼아  예약하시고 가보세요 .,어머나 태안 풍경 름답다 설명 맛깔 스럽다 누구 태안  많다 목련 꽃 필 무렵 천리 포수 목원 좋다 만리 포 해수욕장 좋다 만리 포 가수 용복 운영 작다 레스토랑 진달래 물장구 도 해 점심 한 시간 용복 피노 치면 노래 화 확 예약,1.0
"☆★☆ 메모 ☆★☆\n 수생식물학습원은 실시간 예약제로 운영되기 때문에, 예약을 한 경우에만 입장 가능합니다.\n 홈페이지 사전 예약 : http://www.waterplant.or.kr/\n 입장료 : 성인 6,000원 / 초,중,고등학생 4,000원 / 유아 3,000원 / 경로, 국가유공자, 장애인 5,000원\n 반려동물 입장 불가\n 계단이 많아 휠체어나 유모차 사용 불가\n 이용 시간 : 하절기(3월~10월) ~, 동절기(11월~12월) : ~ \n 휴관 : 매주 일요일\n 주차 : 자체주차장 (무료)",모 수생 식물 학습원 실시간 예약 로 운영 문 예약 경우 입장 가능 홈페지 사 예약 http://www.waterplant.or.kr/ 입장료 성 초 중 고등학생  경로 국가 공 장애 반려동물 입장 불가 계단 많다 휠체어 모차 사용 불가 용 시간 하절 기 절기 휴 관 일일 주차 자체 주차장 무료,-1.0
봄에  좋겠네요~~~\n예약을 해야  입장한다는  조금 번거롬이  있군요  ~~~,봄 좋다 예약 입장 조금 거롬 ,1.0
영상보고 예약하려니 주말예약마감이네요ㅠ,영상 보고 예약 주말 마감 ,1.0
예약해야 갈수있나요?,예약,1.0
7월 2박3일 가족여행지로 부산포항1박씩 예약했는데 기대되는 좋은곳  알려주셨네요 익숙한 목소리도 듣기 좋았어요,박 가족 여행지 부산 포항 박 예약 기 좋다  익숙 목소리 듣기 좋다,1.0
"☆★☆ 참고 사항 ☆★☆\n 의림지 \n     - 명승 제20호\n     - 의림지 감상의 백미는 30m 아래로 떨어지는 ‘용추폭포’\n 비룡담저수지\n     - 제2의림지 / 호숫가의 하얀 성\n 청풍호관광모노레일\n     - 운영시간 : 9시20분 ~ 16시30분 (상부 비봉산전망대 18시 종료)\n     - 요금 : 대인 12,000원 / 경로,소인 9,000원\n     - 정기 휴장 : 매주 월요일 (12월, 1월, 2월 동계 휴장)\n     - 사전 예약 추천 (하루 전까지 홈페이지에서 가능)\n     - 홈페이지 : \n 비봉산 전망대\n     - 청풍호관광모노레일 혹은 청풍호반케이블카를 타고 오를 수 있음\n 청풍호반케이블카\n     - 요금 : (일반 왕복) 대인 18,000원 / 소인 14,000원\n     - 사전 예약 추천 (하루 전까지 홈페이지에서 가능)\n     - 홈페이지 : \n 청풍문화재단지\n     - 운영시간 : (하절기) 9시 ~ 18시 / (동절기) 9시~17시\n     - 입장료 : 어른 3,000원 / 청소년 2,000원 / 어린이 1,000원\n     - ‘청풍 한벽루’를 포함한 보물 2점, 지방유형문화재 9점, 2천여점의 각종 생활유물 전시\n 옥순봉출렁다리\n     - 운영시간 : (하절기) 9시 ~ 18시 / (동절기) 9시~17시\n     - 입장료 : 일반 3,000원\n     - 정기 휴장 : 매주 월요일 (월요일이 공휴일인 경우 다음 첫 번째 평일) , 설날, 추석, 근로자의 날\n     - 반려동물 출입제한\n     - 옥순봉 : 명승 제48호\n 무암사\n     - 주차 : 자체 주차장 (무료)\n 동산 남근석\n     - 무암사 앞쪽 200m 지점, ‘무암사’ 표지석이 있는 곳에 등산로 입구가 있음\n     - 남근석까지는 약 600m로 20분 정도 소요됨",참고 사항 의림지 명승  호 의림지 감상 백미 래 용추 폭포 비룡 담 수지  의림지 호숫가 하얗다 성 청풍호 관광 모노레일 운영 시간 상부 비봉 산 망 종료 금  경로 소 정기 휴장 월일 동계 휴장 사 예약  하루  홈페지 가능 홈페지 비봉 산 망 청풍호 관광 모노레일 청풍호반 케블카 타고 수  청풍호반 케블카 금 일반 왕복  소 사 예약  하루  홈페지 가능 홈페지 청풍 문화재단 운영 시간 하절 기 절기 입장료 어른 청소년 어린 청풍 한벽루 를 포함 보물 점 지방 형문화재 점 각종 생활 물 시 옥 봉 다리 운영 시간 하절 기 절기 입장료 일반 정기 휴장 월일 월일 공휴일 경우 다음 첫 평일 설날 추석 근로자 날 반려동물 출입 한 옥 봉 명승  호 무 암사 주차 자체 주차장 무료 동산 남근 석 무 암사 앞쪽 지점 무 암사 표지 석   등산로 입구  남근 석 약 로 정도 소,-1.0
"제가 부산여행을 자주 가는데 하도 갈 곳이 많아서 한 번 가면 몇 군데씩 나눠서 갑니다..그래서 거제나 남해,통영은 크게 고민할 게 없이 유명여행지들 둘러보면 그 자체로 힐링이 되니 여행계획 세우기 편해서 자주 가구요..삼척도 부산만큼 갈 곳이 너무 많아서 한 번 가면 빡세게 여행하곤 하는데 환선굴,대금굴,맹방해수욕장,수로부인 헌화공원,해신당공원,장호항,해양레일바이크,새천년해안도로도,삼척해수욕장 등등 다 돌아보곤 해요!! 속초,강릉도 너무 좋지만 강원도 고성,삼척,경북 울진,영덕에도 근사한 곳이 너무 많죠..특히 삼척 솔비치는 너무너무 근사한 숙소라 예약 성공하면 꼭 숙박을 하기도 하구요!! 우리나라처럼 여행지가 많은 나라가 또 있을까요??", 부산여행 자주  많다  가면 몇 군 거 남해 통영 크게 고민 게 명 여행지 그 자체 힐링 여행 계획 편 자주 가구 삼척 부산  많다  가면 빡세 여행 곤 환선굴 금 굴 맹방 해수욕장 수로부 헌화 공원 해신 공원 장호항 해양 레일바크 새천년 도로 삼척 해수욕장 등등 해 속초 강릉 좋다 강원도 고성 삼척 경북 진 영덕 근사  많다 삼척 솔비 근사 숙소 예약 성공 꼭 숙박 우리나라 여행지 많다 나라 또 ,1.0
"☆★☆ 핵심 정보 ☆★☆\n 울릉도 배편?  [ 대저페리 ]\n     - 엘도라도 익스프레스호 : 울릉도로 가는 가장 빠르고 편한 초쾌속 여객선 (01:02)\n     - 썬라이즈호 : 울릉도에서 독도 여행시 가장 편한 초쾌속 여객선 (05:43)\n     - 홈페이지 : \n     - 인스타그램 : \n 울릉도 숙소?  [ 스테이너와 – 감성 넘치는 예쁜 숙소 ] ()\n     - 위치 : 경북 울릉군 북면 평리1길 124\n     - 연락처 : 010-9829-9831\n     - 인스타그램 : \n     - 예약 : 네이버에서 ’스테이너와’ 검색\n 울릉도에서 즐기는 액티비티?  [ 캄인블루 – 프리다이빙 ] ()\n     - 위치 : 경북 울릉군 북면 천부3길 337 캄인블루 프리다이빙센터\n     - 연락처 : 010-4953-0346\n     - 인스타그램 : \n\n\n☆★☆ 필수 여행지 ☆★☆\n 행남해안산책로 ()\n     - 입장료 : 무료\n     - 태풍 피해 복구로 인해 일부 구간 통행 제한 있음\n 독도전망대 / 케이블카 ()\n     - 운영시간 : 하절기 8시~19시 / 동절기 8시~18시\n     - 요금 : 어른 7500원 / 청소년 5500원 / 어린이,경로 3500원\n 관음도 ()\n     - 운영시간 : 하절기 8시~18시 / 동절기 9시~18시\n     - 요금 : 어른 4000원 / 청소년 3000원 / 어린이,경로 2000원\n      - 관음쌍굴 : 울릉도 해상 3대 비경\n 삼선암 ()\n      - 울릉도 해상 3대 비경 중 으뜸\n 대풍감 / 태하향목모노레일 ()\n      - 대한민국 10대 비경의 하나\n     - 모노레일 타고 ‘향목전망대’까지 6분 소요 \n     - 좁은 숲 길을 따라 대풍감 제1전망대(향목전망대에서 250m), 제2전망대(향목전망대에서 420m)까지 추가로 가볼 수 있음\n     - 운영시간 : 9시~18시\n     - 요금 : 어른 4000원 / 청소년 3000원 / 어린이,경로 2000원\n 태하해안산책로 ()\n      - 태하향목모노레일 타는곳 근처에서 출발\n      - 해풍에 의해 특이하게 침식된 지형이 발달하여 수려한 해안 절경을 자랑하는 곳\n\n\n☆★☆ 기타 추가하면 좋은 여행지 ☆★☆\n 송곳산 ()\n      - 수직 암벽의 봉우리가 송곳을 세워놓은 것 같다고 하여 명명된 452m의 바위산\n      - 산 아래 북쪽 해안에는 추산몽돌해수욕장과 추산항이 있고, 해안에서 북서쪽으로 1km 떨어진 바다에는 코끼리바위가 있다\n 카페울라 ()\n      - 송곳산을 배경으로, 송곳산에 산다는 고릴라 ‘울라’가 있는 울릉도 카페\n      - 인생샷 가능한 울릉도 사진 명소\n 코끼리바위 ()\n      - 울릉도 해상 3대 비경의 하나\n      - 코끼리가 코를 물에 담그고 물을 마시는 것처럼 보임\n      - 주상절리가 수직에 가깝게 발달되어 있음\n 천부해중전망대 ()\n      - 수중 6m 자연 아쿠아리움 / 신비로운 울릉도 바닷속을 눈으로 직접 보며 체험하는 곳\n      - 운영시간 : 9시~18시\n      - 요금 : 어른 4000원 / 청소년 3000원 / 어린이,경로 2000원\n 나리분지 ()\n      - 울릉도에서 유일하게 평지를 이룬 곳\n      - 울릉도의 독특한 가옥구조인 너와투막집과 억새투막집을 돌아볼 수 있음\n 통구미항 거북바위 ()\n      - 울릉군 서면 남양리의 통구미항에는 새끼거북을 업고 걸어가는 모양의 ‘거북바위’가 있다.\n      - 거북바위 맞은편에는 ‘코뿔소’처럼 보이는 거대한 바위가 있는데, 향나무 자생지로 천연기념물 제48호로 지정된 곳입니다.\n 수층교 ()\n      - 독특한 모습의 도로와 해안 풍광이 어우러지는 곳\n      - 급경사 언덕의 고저차를 극복하기 위해 독특한 모습으로 만들어졌다.\n 노인봉 ()\n      - 울릉군 북면 현포리에 우뚝 솟은 높이 199m의 암벽 봉우리\n      - 암벽에 가로로 굵은 결이 있는데, 노인의 주름살처럼 보인다 하여 ‘노인봉’이 되었다.",핵심 정보 릉도 배편 페리 엘도라도 익스 프레 스호 릉도 가장 빠르다 편 초 쾌속 여객선 라즈 호 릉도 독도 행시 가장 편 초 쾌속 여객선 홈페지 스타그램 릉도 숙소 스테 너 감성 넘치다 예쁘다 숙소 위치 경북 릉군 북면 평리 길 연락처 스타그램 예약 네버 스테 너 검색 릉도 액 티비 티 캄 블루 프리다빙 위치 경북 릉군 북면 천부 길 캄 블루 프리다빙 센터 연락처 스타그램 필수 여행지 행 남해안 산책로 입장료 무료 태풍 피해 복구  일부 구간 통행 한  독도 망 케블카 운영 시간 하절 기 절기 금 어른 청소년 어린 경로 관음도 운영 시간 하절 기 절기 금 어른 청소년 어린 경로 관음 쌍굴 릉도 해상 비경 삼선 암 릉도 해상 비경 중 으뜸 풍 감 태 하향 목 모노레일 한민국 비경 하나 모노레일 타고 향목 망 소 좁다 숲 길 풍 감  망 향목 망  망 향목 망 추가 수  운영 시간 금 어른 청소년 어린 경로 태 해안 산책로 태 하향 목 모노레일  근처 출발 해풍 의 특 침식 지형 발달 수려 해안 절경 자랑  기타 추가 좋다 여행지 송 산 수직 암벽 봉우리 송 것 같다 명명 의 바위 산 산 래 북쪽 해안 추산 몽돌 해수욕장 추산 항  해안 북서쪽 바다 코끼리 바위  카페  송 산 배경 송 산 산다 고릴라   릉도 카페 생 샷 가능 릉도 사진 명소 코끼리 바위 릉도 해상 비경 하나 코끼리 코 물 물 것 보임 주상절리 수직 가깝다 발달  천부 해중 망 수중 자연 쿠리움 신비롭다 릉도 바 속 눈 직접 체험  운영 시간 금 어른 청소년 어린 경로 나리분지 릉도 일 평지  릉도 독특 가옥 구조 너 투막집 투막집 수  통구미항 거북 바위 릉군 서면 남양 리 통구미항 새끼 거북 모양 거북 바위  거북 바위 맞은편 코뿔소 처럼 거 바위  향나무 자생 지로 천연기념물  호로 지정   층교 독특 모습 도로 해안 광  급경사 언덕 차 극복 위해 독특 모습 노 봉 릉군 북면 포리 우뚝 높 의 암벽 봉우리 암벽 가로 굵다 결  노 주름살 노 봉 ,1.0
"☆★☆ 메모 ☆★☆\n (경주) 골굴사 – 국내 유일의 석굴사원\n      - 주차 : 자체 주차장 (무료)\n (여수) 예술랜드 – 마이다스의 손\n      - 요금 : 미디어아트 조각공원 대인(15,000원), 소인(10,000원)\n 트릭아트 대인(15,000원), 소인(10,000원)\n 조각공원 입장후 마이다스의 손, 공중그네 스윙, 스카이워크 짚라인 이용가능\n 스카이워크(8,000원), 스윙(5,000원)은 별도 결제\n      - 이용시간 : 연중무휴 (09시~18시)\n      - 주차 : 여수예술랜드 주차장 (무료)\n (옥천) 천상의 정원 – 옥천 수생식물학습원\n      - 수생식물학습원은 실시간 예약제로 운영되기 때문에, 예약을 한 경우에만 입장 가능합니다.\n            (홈페이지 사전 예약 :  )\n      - 입장료 : 성인 6,000원 / 초,중,고등학생 4,000원 / 유아 3,000원 / 경로, 국가유공자, 장애인 5,000원\n      - 반려동물 입장 불가\n      - 이용 시간 : 하절기(3월~10월) 10시~18시, 동절기(11월~12월) : 10시~ 17시\n      - 휴관 : 매주 일요일\n      - 주차 : 자체주차장 (무료)\n (동해) 도째비골 스카이밸리 – 논골담길 / 해랑전망대\n      - 운영 시간 : 하절기(4월~10월) 10시~18시 / 동절기(11월~3월) 10시~17시\n      - 휴무일 : 매주 월요일 휴장 (월요일이 공휴일인 경우 다음날 휴장)\n      - 입장료 : 어른 2,000원 / 청소년,어린이 1,600원\n      - 시설 이용요금 : 자이언트슬라이드 3,000원 / 스카이사이클 15,000원\n      - 주차(무료) : 묵호등대 주차장 (묵호진동 2-244) / 일출로 노면주차장 (묵호진동 13-2) / 수변공원주차장 (묵호진동 13-64)\n      - 전망시설 휠체어 이용 가능 (묵호등대 방향 출입구 이용)\n      - 반려동물 :도째비골 스카이밸리(출입 금지, 단 전용 캐리어나 전용 유모차 이용시 일부 출입 가능), 해랑전망대(반려동물 출입 금지)\n (삼척) 미인폭포 – 드레스를 입은 여인의 모습\n      - 주차 : 미인폭포 입구 임시주차장(무료)",모 경주 골 굳다  일 석굴사 주차 자체 주차장 무료 여수 예술 랜드 마 다스 손 금 미디어트 조각 공원  소 트릭 트  소 조각 공원 입장 후 마 다스 손 공중그네 스윙 스카 워 짚라 용 가능 스카 워 스윙 은 별도 결 용 시간 연중 무 휴 주차 여수 예술 랜드 주차장 무료 옥천 천상 정원 옥천 수생 식물 학습원 수생 식물 학습원 실시간 예약 로 운영 문 예약 경우 입장 가능 홈페지 사 예약 입장료 성 초 중 고등학생  경로 국가 공 장애 반려동물 입장 불가 용 시간 하절 기 절기 휴 관 일일 주차 자체 주차장 무료 동해 도 비골 스카 밸리 논골 해랑 망 운영 시간 하절 기 절기 휴무 일 월일 휴장 월일 공휴일 경우 다음 날 휴장 입장료 어른 청소년 어린 시설 용 금 자언트 슬라드 스카 사클 주차 무료 묵호 등 주차장 묵호 진동 일출로 노면 주차장 묵호 진동 변 주차장 묵호 진동 망 시설 휠체어 용 가능 묵호 등 방향 출입구 용 반려동물 도 비골 스카 밸리 출입 금지 단 용 캐리어 용 모차 용 시 일부 출입 가능 해랑 망 반려동물 출입 금지 삼척 미 폭포 드레스 여 모습 주차 미 폭포 입구 임시 주차장 무료,-1.0
"☆★☆  여행지 상세 정보  ☆★☆\n 철원 한탄강 물윗길\n     - 입장료 : 성인 10,000원, 청소년 4,000원, 어린이 1,500원 (철원사랑상품권 일부 환급)\n     - 이용시간 : 9시~17시 (16시 매표마감)\n     - 위치 : 강원도 철원군 갈말읍 상사리 522-13 (태봉대교 매표소)\n     - 주차 : 한탄강물윗길주차장 (무료)\n     - [중요!] 철원군의 모든 관광지는 매주 화요일 휴무입니다.\n 오대산 월정사 전나무숲 길\n     - 위치 : 강원 평창군 진부면 오대산로 350-1\n     - 입장료 : 무료\n     - 주차 : 월정사 주차장 (경차/전기차 2,500원, 승용차 5,000원, 대형차 7,500원)\n 설악산 흘림골\n     - 흘림골 구간은 탐방예약제가 실시됨\n     - [중요!] 방문전 국립공원 홈페이지에서 예약 및 입산 통제 여부 확인 필수 !!\n     - 주차 : 오색 주차장 (1일 5,000원)\n     - 오색 주차장에서 탐방로 시작점인 흘림골 탐방지원센터까지 택시 이용(15,000원)\n     - 입장료 : 무료\n     - 설악산 흘림골 코스는 흘림골과 주전골을 포함하여 총 5.8km입니다.\n     - 흘림골 구간은 흘림골탐방지원센터에서 용소삼거리까지 3.1km (2시간40분 소요)\n     - 이어지는 주전골 구간은 오색지구까지 2.7km(50분 소요)",여행지 상세 정보 철원 한탄강 물 윗길 입장료 성 청소년 어린 철원 사랑 상품권 일부 환급 용 시간 매표 마감 위치 강원도 철원군 갈말읍 상사 리 태봉 교 매표소 주차 한탄 강물 윗길 주차장 무료 중 철원군 모든 관광 화일 휴무  오산 월정사 나무숲 길 위치 강원 평창군 진부면 오산 로 입장료 무료 주차 월정사 주차장 경차 기차 승용차 형차 설악산 골 골 구간 탐방 약 실시 중 방문  국립공원 홈페지 예약 및 입산 통 여부 확 필수 주차 오색 주차장 오색 주차장 탐방 로 점 골 탐방 지원 센터 택시 용 입장료 무료 설악산 골 코스 골 골 포함 총  골 구간 골 탐방 지원 센터 용소 삼거리 소 골 구간 오색 지구 소,-1.0
예약하는 방법 좀 알려주세요?,예약 방법 좀,-1.0
옥천ㅡ금강수변침수공원ㆍ수생식물 학습원  (꼭예약)  화인 살림욕장\n상춘정 (밤 은하수 인기 사진작가  인기 코스)   부소담악(배타고 호수돌면  최고),옥천 금강 변 침수 공원 수생 식물 학습원 꼭 예약 화 살림 욕 상춘 정 밤 은하수 기 사진작가 기 코스 부 소담 악 배타 호수 최고,1.0
주말에 배편예약해서 가야되나요?\n차를싣고가도 되나요?,주말 배편 예약 가야 차,1.0
"통영! 안가본지 꽤 됐는데 이렇게 보니 날잡고 가고 싶네요ㅠㅠ 통영에도 좋은 숙소가 많은 걸로 알고 있는데 당장 예약 뽐뿌 오는 영상이에요,, 전망대는 물론이고 고요한 분위기의 미래사도 아름답네요. 한국은 미세먼지로 고통받고 있다는데 편백나무 숲이라면 숨을 맘껏 내쉬고 들이마실 수 있을 것 같아요 :) 해물 뚝배기 실화인가요...? 밥 한그릇 뚝딱하겠어요ㅠㅠㅠ 알찬 영상 잘 봤어요, 통영에 가게 될 때 꼭 참고할게요 감사합니다",통영 안 꽤 날 잡고 통영 좋다 숙소 많다 걸 알  당장 예약 뽐뿌 영상 망 고한 분위기 미래 사도 름답다 한국 미세먼지 고통  편백나무 숲  라면 숨 맘껏 수  것 같다 해물 뚝배기 실화 밥 한 그릇 뚝딱 알차다 영상 통영 가게  꼭 참고,1.0
이 영상을 6월에 봤어야 했는데... ㅠㅠ 지금은 코로나 때문에 예약불가 ㅠㅠ, 영상 지금 코로나 문 예약 불가,1.0
"화성 공룡알 화석지는 들어는 봤지만 공룡에 관심없어서 갈 생각을 안 했는데 영상 보니 무조건 가야겠네요^^ 지난주에 우연히 화성시티투어(해설사 동반)를 알게되어 이번주 일요일에 국화도 가는거 예약해놔서 지금 마구 설레는 중인데요. 그 투어의 다른 코스에 공룡알 화석지도 있었어요. 다음엔 여기로 예약 찜! 이 영상 하나로 바로 구독,좋아요,알림설정 완료했어요\n️",화성 공룡 알 화석 공룡 관심 없다 생각 안 영상 무조건 지난주 화성 시티투어 해설 사 동반 를 알  주 일일 국화도 예약 지금 마구 설레다 중  그 투어 다른 코스 공룡 알 화석 지도  다음 여기 예약 찜  영상 하나로 바로 구독 좋다 알림 설정 완료,1.0
